date,time,heartRate
2023-01-02,10:09,107
2023-01-02,10:10,103
2023-01-02,10:14,82
2023-01-02,10:15,86
2023-01-02,10:16,86
2023-01-02,10:17,87
2023-01-02,10:18,97
2023-01-02,10:19,100
2023-01-02,10:20,86
2023-01-02,10:21,91
2023-01-02,10:22,96
2023-01-02,10:23,105
2023-01-02,10:24,105
2023-01-02,10:25,100
2023-01-02,10:26,92
2023-01-02,10:27,86
2023-01-02,10:28,81
2023-01-02,10:29,78
2023-01-02,10:30,82
2023-01-02,10:31,88
2023-01-02,10:32,82
2023-01-02,10:33,86
2023-01-02,10:34,90
2023-01-02,10:35,88
2023-01-02,10:36,71
2023-01-02,10:37,80
2023-01-02,10:38,74
2023-01-02,10:39,76
2023-01-02,10:40,79
2023-01-02,10:41,92
2023-01-02,10:42,107
2023-01-02,10:43,111
2023-01-02,10:44,84
2023-01-02,10:45,75
2023-01-02,10:46,80
2023-01-05,21:28,102
2023-01-09,19:56,71
2023-01-09,19:57,84
2023-01-09,19:58,95
2023-01-10,01:07,101
2023-01-10,01:08,103
2023-01-13,00:49,71
2023-01-16,19:11,76
2023-01-18,19:00,103
2023-01-18,19:01,99
2023-01-18,19:02,97
2023-01-22,22:18,81
2023-01-23,07:11,74
2023-01-23,07:12,73
2023-01-28,16:17,66
2023-01-28,16:18,68
2023-02-01,21:37,80
2023-02-01,21:38,81
2023-02-01,21:39,98
2023-02-01,21:40,91
2023-02-01,21:42,70
2023-02-01,21:43,80
2023-02-01,21:44,88
2023-02-01,21:45,94
2023-02-01,21:46,91
2023-02-01,21:47,94
2023-02-01,21:48,95
2023-02-03,06:19,61
2023-02-03,20:08,103
2023-02-03,20:09,101
2023-02-03,20:10,74
2023-02-03,20:11,81
2023-02-03,20:12,91
2023-02-03,20:13,93
2023-02-03,20:14,83
2023-02-03,20:15,91
2023-02-03,20:16,89
2023-02-03,20:17,93
2023-02-03,20:18,96
2023-02-03,20:19,92
2023-02-03,20:20,92
2023-02-03,20:21,90
2023-02-03,20:22,87
2023-02-03,20:23,84
2023-02-03,20:24,89
2023-02-03,20:25,96
2023-02-03,20:26,100
2023-02-03,20:27,102
2023-02-03,20:28,100
2023-02-03,20:29,98
2023-02-03,20:30,90
2023-02-03,20:31,89
2023-02-03,20:32,90
2023-02-03,20:33,90
2023-02-03,20:34,90
2023-02-03,20:35,92
2023-02-03,20:36,87
2023-02-03,20:37,85
2023-02-03,20:38,86
2023-02-03,20:39,90
2023-02-03,20:40,95
2023-02-03,20:41,90
2023-02-03,20:42,88
2023-02-03,20:43,92
2023-02-03,20:44,90
2023-02-03,20:45,84
2023-02-03,20:46,93
2023-02-03,20:47,86
2023-02-03,20:48,84
2023-02-03,20:49,84
2023-02-03,20:50,88
2023-02-03,20:51,90
2023-02-03,20:52,85
2023-02-03,20:53,83
2023-02-03,20:54,96
2023-02-03,20:55,98
2023-02-03,20:56,77
2023-02-03,20:57,76
2023-02-03,20:58,85
2023-02-03,20:59,77
2023-02-03,21:00,78
2023-02-03,21:01,80
2023-02-03,21:02,81
2023-02-03,21:03,81
2023-02-03,21:04,77
2023-02-03,21:05,77
2023-02-03,21:06,70
2023-02-03,21:07,73
2023-02-03,21:08,76
2023-02-03,21:09,77
2023-02-03,21:10,82
2023-02-03,21:11,74
2023-02-03,21:12,73
2023-02-03,21:13,79
2023-02-03,21:14,84
2023-02-03,21:15,74
2023-02-03,21:16,71
2023-02-03,21:17,70
2023-02-03,21:18,76
2023-02-03,21:19,81
2023-02-12,19:55,76
2023-02-12,19:56,77
2023-02-12,19:57,93
2023-02-12,19:58,100
2023-02-12,19:59,107
2023-02-12,20:00,112
2023-02-12,20:01,104
2023-02-12,20:02,104
2023-02-12,20:03,104
2023-02-12,20:04,111
2023-02-12,20:05,117
2023-02-12,20:06,120
2023-02-12,20:07,127
2023-02-12,20:08,120
2023-02-12,20:09,106
2023-02-12,20:10,109
2023-02-12,20:11,101
2023-02-12,20:12,103
2023-02-12,20:13,106
2023-02-12,20:14,98
2023-02-12,20:15,101
2023-02-12,20:16,87
2023-02-12,20:17,89
2023-02-16,20:52,80
2023-02-16,20:53,77
2023-02-16,20:54,66
2023-02-16,20:55,59
2023-02-16,20:56,64
2023-02-16,20:57,85
2023-02-16,20:58,103
2023-02-18,14:18,77
2023-02-18,14:19,85
2023-02-26,16:20,77
2023-02-26,16:21,84
2023-02-26,16:22,80
2023-02-26,16:23,93
2023-02-26,16:24,107
2023-02-26,16:25,115
2023-02-26,16:26,110
2023-02-27,00:25,85
2023-02-27,22:11,117
2023-02-27,22:12,117
2023-02-27,22:13,113
2023-02-27,22:14,108
2023-02-27,22:15,99
2023-02-27,22:16,93
2023-02-27,22:17,97
2023-02-27,22:18,89
2023-02-27,22:19,72
2023-02-27,22:20,76
2023-02-27,22:21,77
2023-02-27,22:22,76
2023-02-27,22:23,74
2023-02-27,22:24,75
2023-02-27,22:25,77
2023-02-27,22:26,76
2023-02-27,22:27,78
2023-02-27,22:28,78
2023-02-27,22:29,73
2023-02-27,22:30,75
2023-02-27,22:31,73
2023-02-27,22:32,69
2023-02-27,22:33,75
2023-02-27,22:34,67
2023-02-27,22:35,72
2023-02-27,22:36,68
2023-02-27,22:37,70
2023-02-27,22:38,75
2023-02-27,22:39,74
2023-02-27,22:40,70
2023-02-27,22:41,66
2023-02-27,22:42,73
2023-02-27,22:43,72
2023-02-27,22:44,69
2023-02-27,22:45,66
2023-02-27,22:46,68
2023-02-27,22:47,67
2023-02-27,22:48,67
2023-02-27,22:49,67
2023-02-27,22:50,69
2023-02-27,22:51,69
2023-02-27,22:52,70
2023-02-27,22:53,73
2023-02-27,22:54,70
2023-02-27,22:55,70
2023-02-27,22:56,68
2023-02-27,22:57,64
2023-02-27,22:58,68
2023-02-27,22:59,64
2023-02-27,23:00,67
2023-02-27,23:01,73
2023-02-27,23:02,72
2023-02-27,23:03,68
2023-02-27,23:04,69
2023-02-27,23:05,70
2023-02-27,23:06,72
2023-02-27,23:07,65
2023-02-27,23:08,66
2023-02-27,23:09,61
2023-02-27,23:10,66
2023-02-27,23:11,65
2023-02-28,20:44,106
2023-03-04,14:48,72
2023-03-04,14:49,69
2023-03-04,14:50,70
2023-03-06,20:15,70
2023-03-28,20:48,85
2023-03-28,20:49,87
2023-03-30,19:49,78
2023-03-30,19:50,85
2023-03-30,19:51,101
2023-03-30,19:52,112
2023-03-30,19:53,115
2023-03-30,19:54,111
2023-03-30,19:55,104
2023-03-30,19:56,98
2023-03-30,19:57,94
2023-03-30,19:58,98
2023-03-30,19:59,107
2023-03-30,20:00,105
2023-03-30,20:01,101
2023-03-30,20:02,90
2023-03-30,20:03,86
2023-03-30,20:04,90
2023-03-30,20:05,90
2023-04-01,16:11,106
2023-04-03,21:10,83
2023-04-03,21:11,118
2023-04-05,19:03,102
2023-05-27,12:57,105
2023-05-27,12:58,92
2023-05-27,12:59,102
2023-05-27,13:00,96
2023-05-27,13:01,97
2023-05-27,13:02,105
2023-05-27,13:03,109
2023-05-27,13:04,100
2023-05-27,13:05,89
2023-05-27,13:06,90
2023-05-27,13:07,96
2023-05-27,13:08,93
2023-05-27,13:09,90
2023-05-27,13:10,101
2023-05-27,13:11,101
2023-05-27,13:12,101
2023-05-27,13:13,97
2023-05-27,13:14,96
2023-05-27,13:15,95
2023-05-27,13:16,98
2023-05-27,13:17,105
2023-05-27,13:18,95
2023-05-27,13:19,98
2023-05-27,13:20,95
2023-05-27,13:21,95
2023-05-27,13:22,99
2023-05-27,13:23,100
2023-05-27,13:24,92
2023-05-27,13:25,92
2023-05-27,13:26,92
2023-05-27,13:27,87
2023-05-27,13:28,87
2023-05-27,13:29,85
2023-05-27,13:30,80
2023-05-27,13:31,81
2023-05-27,13:32,80
2023-05-27,13:33,80
2023-05-27,13:34,79
2023-05-27,13:35,77
2023-05-27,13:36,79
2023-05-27,13:37,83
2023-05-27,13:38,78
2023-05-27,13:39,78
2023-05-27,13:40,80
2023-05-27,13:41,76
2023-05-27,13:42,72
2023-05-29,19:23,123
2023-05-29,19:24,118
2023-05-29,19:25,71
2023-06-11,15:44,101
2023-06-21,19:54,81
2023-06-21,19:55,91
2023-06-21,19:56,90
2023-06-21,19:57,93
2023-06-21,19:58,90
2023-06-21,19:59,92
2023-06-21,20:00,87
2023-06-21,20:01,85
2023-06-21,20:02,92
2023-06-21,20:03,97
2023-07-07,09:26,71
2023-07-08,16:04,71
2023-07-08,16:05,94
2023-07-10,05:59,76
2023-07-22,00:19,101
2023-07-23,12:04,75
2023-07-23,12:09,77
2023-08-02,19:36,65
2023-08-02,19:37,81
2023-08-02,19:38,93
2023-08-02,19:39,98
2023-08-16,18:40,79
2023-08-16,18:41,87
2023-08-16,18:42,95
2023-08-16,18:43,110
2023-08-16,18:44,119
2023-08-16,18:46,121
2023-08-16,18:47,115
2023-08-16,18:48,122
2023-08-16,18:49,120
2023-08-16,18:50,116
2023-08-16,18:51,109
2023-08-16,18:52,108
2023-08-16,18:53,103
2023-08-16,18:54,101
2023-08-16,18:55,99
2023-08-16,18:56,108
2023-08-20,20:07,83
2023-08-20,20:08,86
2023-08-20,20:09,90
2023-08-20,20:10,84
2023-08-20,20:11,86
2023-08-20,20:12,86
2023-09-04,00:04,93
2023-09-10,14:25,102
2023-09-20,20:09,102
2023-09-20,20:12,71
2023-09-20,20:13,83
2023-09-20,20:14,89
2023-09-20,20:15,87
2023-09-20,20:16,96
2023-09-20,20:17,108
2023-09-20,20:18,111
2023-09-20,20:19,104
2023-09-20,20:20,100
2023-09-28,19:37,85
2023-10-08,14:37,76
2023-10-08,14:38,78
2023-10-09,21:08,75
2023-10-12,09:25,62
2023-12-14,20:15,75
2023-12-29,05:35,82
2023-12-29,05:36,74
2024-01-15,19:25,107
2024-01-15,19:28,84
2024-01-17,18:54,109
2024-01-17,18:55,107
2024-01-20,20:33,110
2024-01-20,20:34,120
2024-01-20,20:35,122
2024-01-20,20:36,118
2024-01-20,20:37,115
2024-01-20,20:38,110
2024-01-20,20:39,111
2024-01-20,20:40,106
2024-01-20,20:41,99
2024-01-20,20:42,103
2024-01-20,20:43,111
2024-01-20,20:44,113
2024-01-20,20:45,110
2024-01-20,20:46,98
2024-01-20,20:47,103
2024-01-20,20:48,106
2024-01-20,20:49,112
2024-01-20,20:50,98
2024-01-20,20:51,98
2024-01-20,20:52,99
2024-01-20,20:53,102
2024-01-20,20:54,97
2024-01-20,20:55,100
2024-01-20,20:56,96
2024-01-20,20:57,98
2024-01-20,20:58,101
2024-01-20,20:59,101
2024-01-20,21:00,99
2024-01-20,21:01,102
2024-01-20,21:02,94
2024-01-20,21:03,92
2024-01-20,21:04,89
2024-01-20,21:05,97
2024-01-20,21:06,98
2024-01-20,21:07,105
2024-01-20,21:08,92
2024-01-22,20:45,86
2024-01-28,19:53,81
2024-02-16,18:34,81
2024-02-22,09:45,81
2024-02-27,21:10,74
2024-02-27,21:11,85
2024-02-27,21:12,95
2024-02-27,21:13,105
2024-02-27,21:14,108
2024-02-28,20:26,86
2024-02-28,20:30,83
2024-02-28,20:31,89
2024-02-28,20:32,98
2024-02-28,20:33,101
2024-03-02,13:21,80
2024-03-06,20:59,106
2024-03-09,00:32,77
2024-03-14,19:24,110
2024-03-16,00:15,106
2024-03-21,00:44,75
2024-03-21,20:00,94
2024-03-31,13:59,81
2024-03-31,14:00,92
2024-03-31,14:01,91
2024-03-31,14:02,94
2024-03-31,14:03,108
2024-03-31,14:04,111
2024-03-31,14:05,111
2024-03-31,14:06,103
2024-03-31,14:07,116
2024-03-31,14:08,100
2024-03-31,14:09,95
2024-03-31,14:10,94
2024-03-31,14:11,97
2024-03-31,14:12,91
2024-03-31,14:13,79
2024-03-31,15:14,71
2024-04-04,18:42,75
2024-04-04,18:43,70
2024-04-18,18:51,78
2024-04-20,09:43,76
2024-07-10,02:12,77
2024-07-12,10:06,68
2024-07-13,10:15,77
2024-07-13,10:16,72
2024-07-13,10:17,84
2024-07-13,10:18,87
2024-07-13,10:19,92
2024-07-22,22:51,111
2024-07-22,22:52,121
2024-07-22,22:53,117
2024-07-22,22:54,112
2024-07-22,22:55,112
2024-07-28,11:57,86
2024-07-28,11:58,88
2024-07-28,11:59,105
2024-07-28,12:00,104
2024-07-28,12:01,102
2024-07-28,12:02,107
2024-07-28,12:03,104
2024-07-28,12:04,99
2024-07-28,12:05,98
2024-07-28,12:06,96
2024-07-28,12:07,101
2024-07-28,12:08,101
2024-07-28,12:09,97
2024-07-28,12:10,92
2024-07-28,12:11,99
2024-07-28,12:12,97
2024-07-28,12:13,100
2024-07-28,12:14,98
2024-07-28,12:15,98
2024-07-28,12:16,104
2024-07-28,12:17,98
2024-07-28,12:18,78
2024-08-05,22:38,76
2024-08-10,15:57,106
2024-08-10,15:58,108
2024-08-10,15:59,105
2024-08-10,16:00,106
2024-08-10,16:01,106
2024-08-10,16:02,117
2024-08-10,16:03,112
2024-08-10,16:04,114
2024-08-10,16:05,117
2024-08-10,16:06,104
2024-08-10,16:07,89
2024-08-10,16:08,92
2024-08-10,16:09,90
2024-08-10,16:10,94
2024-08-10,16:11,96
2024-08-10,16:12,91
2024-08-10,16:13,94
2024-08-10,16:14,91
2024-08-10,16:15,91
2024-08-10,16:16,95
2024-08-10,16:17,91
2024-08-10,16:18,95
2024-08-10,16:19,94
2024-08-10,16:20,94
2024-08-10,16:21,92
2024-08-10,16:22,94
2024-08-10,16:23,94
2024-08-10,16:24,93
2024-08-10,16:25,96
2024-08-10,16:26,95
2024-08-10,16:27,92
2024-08-10,16:28,93
2024-08-10,16:29,95
2024-08-10,16:30,92
2024-08-10,16:31,96
2024-08-10,16:32,102
2024-08-10,16:33,104
2024-08-10,16:34,115
2024-08-10,16:35,120
2024-08-10,16:36,93
2024-08-10,16:37,105
2024-08-10,16:38,110
2024-08-10,16:39,106
2024-08-10,16:40,101
2024-08-10,16:41,102
2024-08-10,16:42,106
2024-08-10,16:43,109
2024-08-10,16:44,118
2024-08-10,16:45,111
2024-08-10,16:46,107
2024-08-10,16:48,120
2024-08-10,16:49,117
2024-08-10,16:50,116
2024-08-10,16:51,118
2024-08-10,16:52,107
2024-08-10,16:53,95
2024-08-10,16:54,96
2024-08-10,16:55,92
2024-08-10,16:56,92
2024-08-10,16:57,95
2024-08-10,16:58,93
2024-08-10,16:59,96
2024-08-10,17:00,95
2024-08-10,17:01,94
2024-08-10,17:02,92
2024-08-10,17:03,97
2024-08-10,17:04,95
2024-08-10,17:05,89
2024-08-10,17:06,93
2024-08-10,17:07,98
2024-08-10,17:08,94
2024-08-10,17:09,97
2024-08-10,17:10,98
2024-08-10,17:11,97
2024-08-10,17:12,93
2024-08-10,17:13,92
2024-08-10,17:14,95
2024-08-10,17:15,97
2024-08-10,17:16,96
2024-08-10,17:17,95
2024-08-10,17:18,94
2024-08-10,17:19,92
2024-08-10,17:20,92
2024-08-10,17:21,98
2024-08-10,17:22,87
2024-08-10,17:23,87
2024-08-10,17:24,91
2024-08-10,17:25,91
2024-08-10,17:26,88
2024-08-10,17:27,90
2024-08-10,17:28,91
2024-08-10,17:29,95
2024-08-10,17:30,98
2024-08-10,17:31,99
2024-08-10,17:32,95
2024-08-10,17:33,91
2024-08-10,17:34,92
2024-08-10,17:35,114
2024-08-10,17:36,121
2024-08-10,17:37,115
2024-08-10,17:38,122
2024-08-10,17:39,121
2024-08-10,17:40,119
2024-08-10,17:41,117
2024-08-10,17:42,123
2024-08-10,17:43,109
2024-08-10,17:44,117
2024-08-10,17:45,126
2024-08-10,17:46,116
2024-08-10,17:47,114
2024-08-10,17:48,119
2024-08-10,17:50,106
2024-08-10,17:51,100
2024-08-10,17:52,103
2024-08-10,17:53,98
2024-08-10,17:54,96
2024-08-10,17:55,96
2024-08-10,17:56,107
2024-08-10,17:57,102
2024-08-10,17:58,96
2024-08-10,17:59,104
2024-08-10,18:00,104
2024-08-10,18:01,110
2024-08-10,18:02,112
2024-08-10,18:03,102
2024-08-10,18:04,92
2024-08-10,18:05,100
2024-08-10,18:06,111
2024-08-10,18:07,116
2024-08-10,18:08,118
2024-08-10,18:09,115
2024-08-10,18:10,116
2024-08-10,18:11,115
2024-08-10,18:12,117
2024-08-10,18:13,116
2024-08-10,18:14,116
2024-08-10,18:15,112
2024-08-10,18:16,114
2024-08-10,18:17,118
2024-08-10,18:18,114
2024-08-10,18:19,107
2024-08-10,18:20,116
2024-08-10,18:21,99
2024-08-10,18:22,101
2024-08-10,18:23,107
2024-08-10,18:24,106
2024-08-10,18:25,95
2024-08-10,18:26,105
2024-08-10,18:27,98
2024-08-10,18:28,86
2024-08-10,18:29,84
2024-08-10,18:30,88
2024-08-10,18:31,102
2024-08-10,18:32,104
2024-08-10,18:33,107
2024-08-10,18:34,99
2024-08-10,18:35,96
2024-08-10,18:36,84
2024-08-10,18:37,85
2024-08-10,18:38,87
2024-08-10,18:39,88
2024-08-10,18:40,85
2024-08-10,18:41,90
2024-08-10,18:42,90
2024-08-10,18:43,90
2024-08-10,18:44,85
2024-08-10,18:45,91
2024-08-10,18:46,94
2024-08-10,18:47,93
2024-08-10,18:48,92
2024-08-10,18:49,90
2024-08-10,18:50,92
2024-08-10,18:51,89
2024-08-10,18:52,83
2024-08-10,18:53,88
2024-08-10,18:54,91
2024-08-10,18:55,91
2024-08-10,18:56,90
2024-08-10,18:57,87
2024-08-10,18:58,94
2024-08-10,18:59,93
2024-08-10,19:00,99
2024-08-10,19:01,98
2024-08-10,19:02,97
2024-08-10,19:03,93
2024-08-10,19:04,86
2024-08-10,19:05,89
2024-08-10,19:06,89
2024-08-10,19:07,93
2024-08-10,19:08,92
2024-08-10,19:09,91
2024-08-10,19:10,90
2024-08-10,19:11,92
2024-08-10,19:12,90
2024-08-10,19:13,93
2024-08-10,19:14,92
2024-08-10,19:15,87
2024-08-10,19:16,83
2024-08-10,19:17,82
2024-08-10,19:18,89
2024-08-10,19:19,87
2024-08-10,19:20,91
2024-08-10,19:21,93
2024-08-10,19:22,86
2024-08-10,19:23,88
2024-08-10,19:24,86
2024-08-10,19:25,88
2024-08-10,19:26,96
2024-08-15,20:50,74
2024-08-18,20:03,81
2024-08-30,19:37,70
2024-09-02,19:56,106
2024-09-03,19:54,75
2024-09-03,19:55,83
2024-09-03,19:56,89
2024-09-03,19:57,93
2024-09-03,19:58,86
2024-09-03,19:59,83
2024-09-03,20:00,92
2024-09-03,20:01,95
2024-09-03,20:02,92
2024-09-03,20:03,82
2024-09-03,20:04,73
2024-09-03,20:05,85
2024-09-03,20:06,75
2024-09-03,20:07,68
2024-09-03,20:08,72
2024-09-03,20:09,72
2024-09-03,20:10,68
2024-09-03,20:11,70
2024-09-03,20:12,70
2024-09-03,20:13,70
2024-09-03,20:14,70
2024-09-03,20:15,70
2024-09-03,20:16,66
2024-09-03,20:17,68
2024-09-03,20:18,72
2024-09-03,20:19,73
2024-09-03,20:20,67
2024-09-03,20:21,67
2024-09-03,20:22,66
2024-09-03,20:23,64
2024-09-03,20:24,63
2024-09-03,20:25,65
2024-09-03,20:26,66
2024-09-03,20:27,68
2024-09-03,20:28,68
2024-09-03,20:29,69
2024-09-03,20:30,70
2024-09-03,20:31,78
2024-09-03,20:32,84
2024-09-03,20:33,88
2024-09-03,20:34,79
2024-09-03,20:35,80
2024-09-03,20:36,80
2024-09-03,20:37,82
2024-09-03,20:38,79
2024-09-03,20:39,82
2024-09-03,20:40,82
2024-09-03,20:41,80
2024-09-03,20:42,86
2024-09-03,20:43,82
2024-09-03,20:44,82
2024-09-03,20:45,82
2024-09-03,20:46,85
2024-09-03,20:47,80
2024-09-03,20:48,80
2024-09-03,20:49,82
2024-09-03,20:50,77
2024-09-03,20:51,77
2024-09-03,20:52,79
2024-09-03,20:53,81
2024-09-03,20:54,91
2024-09-03,20:55,92
2024-09-03,20:56,83
2024-09-03,20:57,80
2024-09-03,20:58,76
2024-09-03,20:59,71
2024-09-03,21:00,73
2024-09-03,21:01,80
2024-09-03,21:02,80
2024-09-03,21:03,79
2024-09-03,21:04,79
2024-09-03,21:05,76
2024-09-03,21:06,73
2024-09-03,21:07,73
2024-09-03,21:08,73
2024-09-03,21:09,67
2024-09-03,21:10,69
2024-09-03,21:11,65
2024-09-03,21:12,71
2024-09-03,21:13,72
2024-09-03,21:14,71
2024-09-03,21:15,72
2024-09-03,21:16,71
2024-09-03,21:17,82
2024-09-03,21:18,75
2024-09-03,21:19,67
2024-09-03,21:20,67
2024-09-03,21:21,76
2024-09-03,21:22,79
2024-09-03,21:23,75
2024-09-03,21:24,76
2024-09-03,21:25,75
2024-09-03,21:26,76
2024-09-03,21:27,73
2024-09-03,21:28,78
2024-09-03,21:29,78
2024-09-03,21:30,75
2024-09-03,21:31,80
2024-09-03,21:32,76
2024-09-03,21:33,77
2024-09-03,21:34,75
2024-09-03,21:35,74
2024-09-03,21:36,75
2024-09-03,21:37,75
2024-09-03,21:38,76
2024-09-03,21:39,73
2024-09-03,21:40,72
2024-09-03,21:41,74
2024-09-03,21:42,79
2024-09-03,21:43,82
2024-09-03,21:44,76
2024-09-03,21:45,80
2024-09-03,21:46,86
2024-09-09,21:56,79
2024-09-16,09:06,78
2024-09-19,20:25,86
2024-09-22,09:20,75
2024-09-23,23:12,74
2024-09-23,23:13,80
2024-09-23,23:14,87
2024-09-23,23:15,92
2024-09-23,23:16,94
2024-09-23,23:17,95
2024-09-23,23:18,103
2024-09-23,23:19,118
2024-09-23,23:20,114
2024-09-23,23:21,101
2024-09-23,23:22,97
2024-09-23,23:23,90
2024-09-23,23:24,74
2024-09-23,23:25,72
2024-09-23,23:26,64
2024-09-23,23:27,64
2024-09-23,23:28,77
2024-09-23,23:29,85
2024-09-23,23:30,67
2024-09-23,23:31,79
2024-09-23,23:32,81
2024-09-23,23:33,84
2024-09-23,23:34,78
2024-09-23,23:35,76
2024-09-23,23:36,76
2024-09-23,23:37,77
2024-09-23,23:38,79
2024-09-23,23:39,94
2024-09-23,23:40,89
2024-09-23,23:41,82
2024-09-23,23:42,78
2024-09-23,23:43,71
2024-09-23,23:44,65
2024-09-23,23:45,60
2024-09-23,23:46,66
2024-09-23,23:47,64
2024-09-23,23:48,64
2024-09-23,23:49,63
2024-09-23,23:50,64
2024-09-23,23:51,66
2024-09-23,23:52,59
2024-09-23,23:53,62
2024-09-23,23:54,61
2024-09-23,23:55,60
2024-09-23,23:56,60
2024-09-23,23:57,62
2024-09-23,23:58,61
2024-09-23,23:59,61
2024-09-24,00:00,61
2024-09-24,00:01,59
2024-09-24,00:02,59
2024-09-24,00:03,60
2024-09-24,00:04,58
2024-09-24,00:05,60
2024-09-24,00:06,59
2024-09-24,00:07,58
2024-09-24,00:08,60
2024-09-24,00:09,58
2024-09-24,00:10,58
2024-09-24,00:11,58
2024-09-24,00:12,60
2024-09-24,00:13,59
2024-09-24,00:14,59
2024-09-24,00:15,59
2024-09-24,00:16,59
2024-09-24,00:17,60
2024-09-24,00:18,59
2024-09-24,00:19,60
2024-09-24,00:20,59
2024-09-24,00:21,58
2024-09-24,00:22,60
2024-09-24,00:23,60
2024-09-24,00:24,59
2024-09-24,00:25,59
2024-09-24,00:26,59
2024-09-24,00:27,60
2024-09-24,00:28,57
2024-09-24,00:29,56
2024-09-24,00:30,58
2024-09-24,00:31,58
2024-09-24,00:32,58
2024-09-24,00:33,57
2024-09-24,00:34,57
2024-09-24,00:35,57
2024-09-24,00:36,57
2024-09-24,00:37,57
2024-09-24,00:38,57
2024-09-24,00:39,57
2024-09-24,00:40,57
2024-09-24,00:41,57
2024-09-24,00:42,58
2024-09-24,00:43,57
2024-09-24,00:44,58
2024-09-24,00:45,58
2024-09-24,00:46,58
2024-09-24,00:47,58
2024-09-24,00:48,57
2024-09-24,00:49,58
2024-09-24,00:50,58
2024-09-24,00:51,58
2024-09-24,00:52,57
2024-09-24,00:53,57
2024-09-24,00:54,58
2024-09-24,00:55,58
2024-09-24,00:56,59
2024-09-24,00:57,59
2024-09-24,00:58,60
2024-09-24,00:59,58
2024-09-24,01:00,56
2024-09-24,01:01,57
2024-09-24,01:02,58
2024-09-24,01:03,58
2024-09-24,01:04,58
2024-09-24,01:05,57
2024-09-24,01:06,57
2024-09-24,01:07,59
2024-09-24,01:08,59
2024-09-24,01:09,61
2024-09-24,01:10,60
2024-09-24,01:11,58
2024-09-24,01:12,58
2024-09-24,01:13,58
2024-09-24,01:14,58
2024-09-24,01:15,59
2024-09-24,01:16,58
2024-09-24,01:17,57
2024-09-24,01:18,57
2024-09-24,01:19,58
2024-09-24,01:20,59
2024-09-24,01:21,60
2024-09-24,01:22,60
2024-09-24,01:23,59
2024-09-24,01:24,59
2024-09-24,01:25,60
2024-09-24,01:26,59
2024-09-24,01:27,60
2024-09-24,01:28,59
2024-09-24,01:29,59
2024-09-24,01:30,59
2024-09-24,01:31,59
2024-09-24,01:32,58
2024-09-24,01:33,59
2024-09-24,01:34,59
2024-09-24,01:35,59
2024-09-24,01:36,59
2024-09-24,01:37,58
2024-09-24,01:38,57
2024-09-24,01:39,58
2024-09-24,01:40,58
2024-09-24,01:41,57
2024-09-24,01:42,58
2024-09-24,01:43,56
2024-09-24,01:44,57
2024-09-24,01:45,56
2024-09-24,01:46,57
2024-09-24,01:47,57
2024-09-24,01:48,56
2024-09-24,01:49,56
2024-09-24,01:50,56
2024-09-24,01:51,55
2024-09-24,01:52,56
2024-09-24,01:53,55
2024-09-24,01:54,57
2024-09-24,01:55,61
2024-09-24,01:56,57
2024-09-24,01:57,56
2024-09-24,01:58,58
2024-09-24,01:59,71
2024-09-24,02:00,62
2024-09-24,02:01,57
2024-09-24,02:02,56
2024-09-24,02:03,56
2024-09-24,02:04,55
2024-09-24,02:05,56
2024-09-24,02:06,55
2024-09-24,02:07,55
2024-09-24,02:08,59
2024-09-24,02:09,58
2024-09-24,02:10,55
2024-09-24,02:11,56
2024-09-24,02:12,57
2024-09-24,02:13,59
2024-09-24,02:14,57
2024-09-24,02:15,62
2024-09-24,02:16,59
2024-09-24,02:17,57
2024-09-24,02:18,56
2024-09-24,02:19,56
2024-09-24,02:20,57
2024-09-24,02:21,57
2024-09-24,02:22,59
2024-09-24,02:23,57
2024-09-24,02:24,57
2024-09-24,02:25,57
2024-09-24,02:26,58
2024-09-24,02:27,57
2024-09-24,02:28,58
2024-09-24,02:29,57
2024-09-24,02:30,57
2024-09-24,02:31,57
2024-09-24,02:32,57
2024-09-24,02:33,58
2024-09-24,02:34,58
2024-09-24,02:35,58
2024-09-24,02:36,58
2024-09-24,02:37,58
2024-09-24,02:38,59
2024-09-24,02:39,58
2024-09-24,02:40,58
2024-09-24,02:41,57
2024-09-24,02:42,58
2024-09-24,02:43,59
2024-09-24,02:44,58
2024-09-24,02:45,58
2024-09-24,02:46,58
2024-09-24,02:47,58
2024-09-24,02:48,57
2024-09-24,02:49,65
2024-09-24,02:50,56
2024-09-24,02:51,58
2024-09-24,02:52,56
2024-09-24,02:53,56
2024-09-24,02:54,56
2024-09-24,02:55,57
2024-09-24,02:56,57
2024-09-24,02:57,57
2024-09-24,02:58,57
2024-09-24,02:59,56
2024-09-24,03:00,56
2024-09-24,03:01,58
2024-09-24,03:02,56
2024-09-24,03:03,55
2024-09-24,03:04,57
2024-09-24,03:05,59
2024-09-24,03:06,62
2024-09-24,03:07,56
2024-09-24,03:08,56
2024-09-24,03:09,57
2024-09-24,03:10,57
2024-09-24,03:11,57
2024-09-24,03:12,56
2024-09-24,03:13,57
2024-09-24,03:14,56
2024-09-24,03:15,60
2024-09-24,03:16,57
2024-09-24,03:17,57
2024-09-24,03:18,56
2024-09-24,03:19,56
2024-09-24,03:20,57
2024-09-24,03:21,55
2024-09-24,03:22,56
2024-09-24,03:23,56
2024-09-24,03:24,57
2024-09-24,03:25,59
2024-09-24,03:26,61
2024-09-24,03:27,57
2024-09-24,03:28,57
2024-09-24,03:29,56
2024-09-24,03:30,57
2024-09-24,03:31,57
2024-09-24,03:32,57
2024-09-24,03:33,56
2024-09-24,03:34,56
2024-09-24,03:35,58
2024-09-24,03:36,57
2024-09-24,03:37,57
2024-09-24,03:38,57
2024-09-24,03:39,57
2024-09-24,03:40,57
2024-09-24,03:41,57
2024-09-24,03:42,56
2024-09-24,03:43,57
2024-09-24,03:44,60
2024-09-24,03:45,59
2024-09-24,03:46,60
2024-09-24,03:47,58
2024-09-24,03:48,57
2024-09-24,03:49,58
2024-09-24,03:50,57
2024-09-24,03:51,59
2024-09-24,03:52,59
2024-09-24,03:53,56
2024-09-24,03:54,60
2024-09-24,03:55,58
2024-09-24,03:56,59
2024-09-24,03:57,57
2024-09-24,03:58,55
2024-09-24,04:00,68
2024-09-24,04:01,59
2024-09-24,04:02,57
2024-09-24,04:03,61
2024-09-24,04:04,57
2024-09-24,04:05,64
2024-09-24,04:06,62
2024-09-24,04:07,60
2024-09-24,04:08,57
2024-09-24,04:09,56
2024-09-24,04:10,58
2024-09-24,04:11,58
2024-09-24,04:12,59
2024-09-24,04:13,67
2024-09-24,04:14,58
2024-09-24,04:15,58
2024-09-24,04:16,63
2024-09-24,04:17,61
2024-09-24,04:18,53
2024-09-24,04:19,62
2024-09-24,04:20,57
2024-09-24,04:21,59
2024-09-24,04:22,58
2024-09-24,04:23,59
2024-09-24,04:24,58
2024-09-24,04:25,58
2024-09-24,04:26,58
2024-09-24,04:27,63
2024-09-24,04:28,58
2024-09-24,04:29,58
2024-09-24,04:30,58
2024-09-24,04:31,58
2024-09-24,04:32,58
2024-09-24,04:33,58
2024-09-24,04:34,58
2024-09-24,04:35,58
2024-09-24,04:36,59
2024-09-24,04:37,57
2024-09-24,04:38,57
2024-09-24,04:39,59
2024-09-24,04:40,60
2024-09-24,04:41,60
2024-09-24,04:42,61
2024-09-24,04:43,60
2024-09-24,04:44,60
2024-09-24,04:45,59
2024-09-24,04:46,60
2024-09-24,04:47,57
2024-09-24,04:48,57
2024-09-24,04:49,57
2024-09-24,04:50,57
2024-09-24,04:51,59
2024-09-24,04:52,58
2024-09-24,04:53,59
2024-09-24,04:54,60
2024-09-24,04:55,59
2024-09-24,04:56,59
2024-09-24,04:57,60
2024-09-24,04:58,58
2024-09-24,04:59,60
2024-09-24,05:00,60
2024-09-24,05:01,58
2024-09-24,05:02,59
2024-09-24,05:03,59
2024-09-24,05:04,61
2024-09-24,05:05,59
2024-09-24,05:06,59
2024-09-24,05:07,61
2024-09-24,05:08,58
2024-09-24,05:09,59
2024-09-24,05:10,60
2024-09-24,05:11,61
2024-09-24,05:12,61
2024-09-24,05:13,60
2024-09-24,05:14,64
2024-09-24,05:15,58
2024-09-24,05:16,60
2024-09-24,05:17,58
2024-09-24,05:18,58
2024-09-24,05:19,57
2024-09-24,05:20,57
2024-09-24,05:21,57
2024-09-24,05:22,63
2024-09-24,05:23,57
2024-09-24,05:24,62
2024-09-24,05:25,60
2024-09-24,05:26,61
2024-09-24,05:27,58
2024-09-24,05:28,63
2024-09-24,05:29,60
2024-09-24,05:30,62
2024-09-24,05:31,63
2024-09-24,05:32,60
2024-09-24,05:33,62
2024-09-24,05:34,59
2024-09-24,05:35,66
2024-09-24,05:36,63
2024-09-24,05:37,62
2024-09-24,05:38,62
2024-09-24,05:39,59
2024-09-24,05:40,57
2024-09-24,05:41,58
2024-09-24,05:42,62
2024-09-24,05:43,60
2024-09-24,05:44,68
2024-09-24,05:45,63
2024-09-24,05:46,58
2024-09-24,05:47,58
2024-09-24,05:48,60
2024-09-24,05:49,61
2024-09-24,05:50,57
2024-09-24,05:51,63
2024-09-24,05:52,64
2024-09-24,05:53,59
2024-09-24,05:54,61
2024-09-24,05:55,67
2024-09-24,05:56,64
2024-09-24,05:57,62
2024-09-24,05:58,61
2024-09-24,05:59,61
2024-09-24,06:00,61
2024-09-24,06:01,63
2024-09-24,06:02,60
2024-09-24,06:03,59
2024-09-24,06:04,60
2024-09-24,06:05,65
2024-09-24,06:06,62
2024-09-24,06:07,59
2024-09-24,06:08,63
2024-09-24,06:09,59
2024-09-24,06:10,63
2024-09-24,06:11,65
2024-09-24,06:12,60
2024-09-24,06:13,62
2024-09-24,06:14,65
2024-09-24,06:15,57
2024-09-24,06:16,62
2024-09-24,06:17,66
2024-09-24,06:18,61
2024-09-24,06:19,71
2024-09-24,06:20,68
2024-09-24,06:21,72
2024-09-24,06:22,71
2024-09-24,06:23,67
2024-09-24,06:24,67
2024-09-24,06:25,63
2024-09-24,06:26,65
2024-09-24,06:27,67
2024-09-24,06:28,61
2024-09-24,06:29,60
2024-09-24,06:30,63
2024-09-24,06:31,60
2024-09-24,06:32,62
2024-09-24,06:33,61
2024-09-24,06:34,62
2024-09-24,06:35,61
2024-09-24,06:36,61
2024-09-24,06:37,61
2024-09-24,06:38,62
2024-09-24,06:39,61
2024-09-24,06:40,64
2024-09-24,06:41,61
2024-09-24,06:42,60
2024-09-24,06:43,66
2024-09-24,06:44,59
2024-09-24,06:45,61
2024-09-24,06:46,61
2024-09-24,06:47,59
2024-09-24,06:48,59
2024-09-24,06:49,59
2024-09-24,06:50,62
2024-09-24,06:51,58
2024-09-24,06:52,59
2024-09-24,06:53,59
2024-09-24,06:54,59
2024-09-24,06:55,61
2024-09-24,06:56,61
2024-09-24,06:57,61
2024-09-24,06:58,61
2024-09-24,06:59,61
2024-09-24,07:00,61
2024-09-24,07:01,64
2024-09-24,07:02,70
2024-09-24,07:03,64
2024-09-24,07:04,60
2024-09-24,07:05,60
2024-09-24,07:06,59
2024-09-24,07:07,62
2024-09-24,07:08,65
2024-09-24,07:09,64
2024-09-24,07:10,62
2024-09-24,07:11,65
2024-09-24,07:12,62
2024-09-24,07:13,62
2024-09-24,07:14,61
2024-09-24,07:15,61
2024-09-24,07:16,60
2024-09-24,07:17,60
2024-09-24,07:18,63
2024-09-24,07:19,64
2024-09-24,07:20,61
2024-09-24,07:21,61
2024-09-24,07:22,64
2024-09-27,17:57,71
2024-12-12,06:33,68
2024-12-15,10:29,78
2024-12-15,10:52,69
2024-12-15,10:53,75
2024-12-15,10:54,89
2024-12-15,10:55,91
2024-12-15,10:56,68
2024-12-15,10:57,76
2024-12-15,10:58,84
2024-12-17,20:16,106
2024-12-17,20:17,114
2024-12-17,20:18,121
2024-12-17,20:19,115
2024-12-26,15:32,86
2024-12-26,18:03,71
2024-12-28,09:08,75
2025-01-01,21:57,78
2025-01-04,17:58,109
2025-01-04,18:02,71
2025-01-11,15:15,79
2025-01-11,15:16,82
2025-01-17,21:30,78
2025-01-17,21:31,92
2025-01-17,21:32,97
2025-01-17,21:33,105
2025-01-17,21:34,100
2025-01-17,21:35,90
2025-01-17,21:36,89
2025-01-17,21:37,79
2025-01-17,21:38,82
2025-01-17,21:39,84
2025-01-21,16:28,100
2025-01-21,16:29,108
2025-01-21,16:30,109
2025-01-21,16:31,94
2025-01-21,16:32,99
2025-01-21,16:33,95
2025-01-21,16:34,90
2025-01-21,16:35,98
2025-01-21,16:36,74
2025-01-21,16:37,71
2025-01-21,16:38,71
2025-01-21,16:39,72
2025-01-21,16:40,72
2025-01-21,16:41,78
2025-01-21,16:42,79
2025-01-21,16:43,75
2025-01-21,16:44,71
2025-01-21,16:45,67
2025-01-21,16:46,73
2025-01-21,16:47,74
2025-01-21,16:48,68
2025-01-21,16:49,67
2025-01-21,16:50,68
2025-01-21,16:51,65
2025-01-21,16:52,67
2025-01-21,16:53,68
2025-01-21,16:54,69
2025-01-21,16:55,69
2025-01-21,16:56,70
2025-01-21,16:57,70
2025-01-21,16:58,70
2025-01-21,16:59,71
2025-01-21,17:00,74
2025-01-21,17:01,77
2025-01-21,17:02,74
2025-01-21,17:03,74
2025-01-21,17:04,71
2025-01-21,17:05,73
2025-01-21,17:06,72
2025-01-21,17:07,73
2025-01-21,17:08,71
2025-01-21,17:09,75
2025-01-21,17:10,70
2025-01-21,17:11,72
2025-01-21,17:12,70
2025-01-21,17:13,71
2025-01-21,17:14,69
2025-01-21,17:15,67
2025-01-21,17:16,69
2025-01-21,17:17,70
2025-01-21,17:18,72
2025-01-21,17:19,70
2025-01-21,17:20,68
2025-01-21,17:21,73
2025-01-21,17:22,72
2025-01-21,17:23,72
2025-01-21,17:24,75
2025-01-21,17:25,73
2025-01-21,17:26,76
2025-01-21,17:27,79
2025-01-21,17:28,70
2025-01-21,17:29,73
2025-01-21,17:30,73
2025-01-21,17:31,74
2025-01-21,17:32,74
2025-01-21,17:33,74
2025-01-21,17:34,74
2025-01-21,17:35,71
2025-01-21,17:36,75
2025-01-21,17:37,73
2025-01-21,17:38,70
2025-01-21,17:39,72
2025-01-21,17:40,73
2025-01-21,17:41,74
2025-01-21,17:42,70
2025-01-21,17:43,73
2025-01-21,17:44,78
2025-01-21,17:45,75
2025-01-21,17:46,80
2025-01-21,17:47,75
2025-01-21,17:48,67
2025-01-21,17:49,68
2025-01-21,17:50,70
2025-01-21,17:51,68
2025-01-21,17:52,68
2025-01-21,17:53,67
2025-01-21,17:54,69
2025-01-21,17:55,65
2025-01-21,17:56,64
2025-01-21,17:57,65
2025-01-21,17:58,65
2025-01-21,17:59,68
2025-01-21,18:00,65
2025-01-21,18:01,65
2025-01-21,18:02,66
2025-01-21,18:03,69
2025-01-22,17:30,104
2025-01-22,17:31,107
2025-01-22,17:32,110
2025-01-22,17:33,103
2025-01-22,17:34,99
2025-01-22,17:35,95
2025-01-22,17:36,75
2025-01-22,17:37,77
2025-01-22,17:38,74
2025-01-22,17:39,76
2025-01-22,17:40,75
2025-01-22,17:41,75
2025-01-22,17:42,76
2025-01-22,17:43,75
2025-01-22,17:44,77
2025-01-22,17:45,89
2025-01-22,17:46,89
2025-01-22,17:47,90
2025-01-22,17:48,91
2025-01-22,17:49,88
2025-01-22,17:50,92
2025-01-22,17:51,94
2025-01-23,14:14,102
2025-01-28,20:06,80
2025-01-28,20:07,87
2025-01-28,20:08,103
2025-01-28,20:09,109
2025-01-28,20:10,103
2025-01-28,20:11,105
2025-01-28,20:12,101
2025-01-28,20:13,110
2025-01-28,20:14,118
2025-01-28,20:15,86
2025-01-28,20:16,87
2025-01-28,20:17,91
2025-01-28,20:18,95
2025-01-28,20:19,98
2025-01-28,20:20,98
2025-01-28,20:21,97
2025-01-28,20:22,92
2025-01-28,20:23,93
2025-01-28,20:24,80
2025-01-28,20:25,78
2025-01-28,20:26,79
2025-01-28,20:27,72
2025-01-28,20:28,85
2025-01-28,20:29,77
2025-01-28,20:30,81
2025-01-28,20:31,80
2025-01-28,20:32,83
2025-01-28,20:33,84
2025-01-28,20:34,87
2025-01-28,20:35,84
2025-01-28,20:36,89
2025-01-28,20:37,89
2025-01-28,20:38,86
2025-01-28,20:39,88
2025-01-28,20:40,90
2025-01-28,20:41,89
2025-01-28,20:42,88
2025-01-28,20:43,89
2025-01-28,20:44,85
2025-01-28,20:45,84
2025-01-28,20:46,89
2025-01-28,20:47,93
2025-01-28,20:48,97
2025-01-28,20:49,88
2025-01-28,20:50,99
2025-01-28,20:51,93
2025-01-28,20:52,93
2025-01-28,20:53,89
2025-01-28,20:54,78
2025-01-28,20:55,85
2025-01-28,20:56,82
2025-01-28,20:57,77
2025-01-28,20:58,77
2025-01-28,20:59,82
2025-01-28,21:00,80
2025-01-28,21:01,82
2025-01-28,21:02,80
2025-01-28,21:03,82
2025-01-28,21:04,77
2025-01-28,21:05,80
2025-01-28,21:06,76
2025-01-28,21:07,74
2025-01-28,21:08,80
2025-01-28,21:09,84
2025-01-28,21:10,87
2025-01-28,21:11,89
2025-01-28,21:12,83
2025-01-28,21:13,78
2025-01-28,21:14,86
2025-01-28,21:15,88
2025-01-28,21:16,84
2025-01-28,21:17,83
2025-01-28,21:18,86
2025-01-28,21:19,82
2025-01-28,21:20,80
2025-01-28,21:21,81
2025-01-28,21:22,83
2025-01-28,21:23,83
2025-01-28,21:24,77
2025-01-28,21:25,84
2025-01-28,21:26,84
2025-01-28,21:27,82
2025-01-28,21:28,84
2025-01-28,21:29,81
2025-01-28,21:30,88
2025-01-28,21:31,87
2025-01-28,21:32,85
2025-01-28,21:33,78
2025-01-28,21:34,80
2025-02-03,19:42,93
2025-02-03,19:43,96
2025-02-03,19:44,105
2025-02-03,19:45,106
2025-02-03,19:46,103
2025-02-03,19:47,109
2025-02-03,19:48,111
2025-02-03,19:49,87
2025-02-03,19:50,98
2025-02-03,19:51,102
2025-02-03,19:52,109
2025-02-03,19:53,89
2025-02-03,19:54,73
2025-02-03,19:55,72
2025-02-03,19:56,80
2025-02-03,19:57,82
2025-02-03,19:58,81
2025-02-03,19:59,82
2025-02-03,20:00,86
2025-02-03,20:01,82
2025-02-03,20:02,92
2025-02-03,20:03,80
2025-02-03,20:04,73
2025-02-03,20:05,68
2025-02-03,20:06,72
2025-02-03,20:07,82
2025-02-03,20:08,78
2025-02-03,20:09,79
2025-02-03,20:10,75
2025-02-03,20:11,77
2025-02-03,20:12,78
2025-02-03,20:13,79
2025-02-03,20:14,79
2025-02-03,20:15,77
2025-02-03,20:16,80
2025-02-03,20:17,79
2025-02-03,20:18,72
2025-02-03,20:19,70
2025-02-03,20:20,72
2025-02-03,20:21,88
2025-02-03,20:22,97
2025-02-03,20:23,94
2025-02-03,20:24,82
2025-02-03,20:25,84
2025-02-03,20:26,68
2025-02-03,20:27,76
2025-02-03,20:28,74
2025-02-03,20:29,66
2025-02-03,20:30,68
2025-02-03,20:31,67
2025-02-03,20:32,72
2025-02-03,20:33,74
2025-02-03,20:34,69
2025-02-03,20:35,66
2025-02-03,20:36,64
2025-02-03,20:37,68
2025-02-03,20:38,67
2025-02-03,20:39,66
2025-02-03,20:40,69
2025-02-03,20:41,71
2025-02-03,20:42,68
2025-02-03,20:43,69
2025-02-03,20:44,69
2025-02-03,20:45,70
2025-02-03,20:46,69
2025-02-03,20:47,75
2025-02-03,20:48,81
2025-02-03,20:49,70
2025-02-03,20:50,74
2025-02-03,20:51,67
2025-02-03,20:52,73
2025-02-03,20:53,77
2025-02-03,20:54,87
2025-02-03,20:55,81
2025-02-03,20:56,69
2025-02-03,20:57,65
2025-02-03,20:58,73
2025-02-03,20:59,75
2025-02-03,21:00,71
2025-02-03,21:01,73
2025-02-03,21:02,72
2025-02-03,21:03,85
2025-02-03,21:04,80
2025-02-03,21:05,72
2025-02-03,21:06,70
2025-02-03,21:07,71
2025-02-03,21:08,72
2025-02-03,21:09,75
2025-02-03,21:10,71
2025-02-03,21:11,71
2025-02-03,21:12,69
2025-02-03,21:13,74
2025-02-03,21:14,74
2025-02-03,21:15,68
2025-02-03,21:16,71
2025-02-03,21:17,75
2025-02-03,21:18,84
2025-02-03,21:19,84
2025-02-03,21:20,86
2025-02-03,21:21,82
2025-02-03,21:22,69
2025-02-03,21:23,70
2025-02-03,21:24,72
2025-02-03,21:25,75
2025-02-03,21:26,75
2025-02-03,21:27,73
2025-02-03,21:28,70
2025-02-03,21:29,72
2025-02-03,21:30,76
2025-02-03,21:31,79
2025-02-03,21:32,70
2025-02-03,21:33,73
2025-02-03,21:34,74
2025-02-03,21:35,75
2025-02-03,21:36,74
2025-02-03,21:37,73
2025-02-03,21:38,75
2025-02-03,21:39,81
2025-02-03,21:40,70
2025-02-03,21:41,75
2025-02-03,21:42,75
2025-02-03,21:43,73
2025-02-03,21:44,76
2025-02-03,21:45,72
2025-02-03,21:46,73
2025-02-03,21:47,74
2025-02-03,21:48,76
2025-02-03,21:49,71
2025-02-03,21:50,75
2025-02-03,21:51,75
2025-02-03,21:52,74
2025-02-03,21:53,75
2025-02-03,21:54,72
2025-02-03,21:55,74
2025-02-03,21:56,68
2025-02-03,21:57,78
2025-02-03,21:58,77
2025-02-03,21:59,77
2025-02-03,22:00,77
2025-02-03,22:01,75
2025-02-03,22:02,74
2025-02-03,22:03,73
2025-02-03,22:04,74
2025-02-03,22:05,75
2025-02-03,22:06,77
2025-02-03,22:07,74
2025-02-03,22:08,71
2025-02-03,22:09,71
2025-02-03,22:10,80
2025-02-03,22:11,69
2025-02-03,22:12,70
2025-02-03,22:13,70
2025-02-03,22:14,72
2025-02-03,22:15,60
2025-02-03,22:16,78
2025-02-03,22:17,81
2025-02-03,22:18,70
2025-02-03,22:19,70
2025-02-03,22:20,67
2025-02-03,22:21,68
2025-02-03,22:22,69
2025-02-03,22:23,67
2025-02-03,22:24,66
2025-02-03,22:25,70
2025-02-03,22:26,65
2025-02-03,22:27,69
2025-02-03,22:28,70
2025-02-03,22:29,70
2025-02-03,22:30,73
2025-02-03,22:31,74
2025-02-03,22:32,60
2025-02-03,22:33,62
2025-02-03,22:34,54
2025-02-03,22:35,52
2025-02-03,22:36,65
2025-02-03,22:37,67
2025-02-03,22:38,75
2025-02-03,22:39,72
2025-02-03,22:40,71
2025-02-03,22:41,78
2025-02-03,22:42,73
2025-02-03,22:43,67
2025-02-03,22:44,67
2025-02-03,22:45,64
2025-02-03,22:46,65
2025-02-03,22:47,67
2025-02-03,22:48,67
2025-02-03,22:49,65
2025-02-03,22:50,67
2025-02-03,22:51,65
2025-02-03,22:52,67
2025-02-03,22:53,68
2025-02-03,22:54,69
2025-02-03,22:55,73
2025-02-03,22:56,64
2025-02-03,22:57,63
2025-02-03,22:58,70
2025-02-03,22:59,79
2025-02-03,23:00,74
2025-02-03,23:01,69
2025-02-03,23:02,65
2025-02-03,23:03,72
2025-02-03,23:04,85
2025-02-03,23:05,70
2025-02-03,23:06,79
2025-02-03,23:07,81
2025-02-03,23:08,93
2025-02-03,23:09,72
2025-02-03,23:10,66
2025-02-03,23:11,73
2025-02-03,23:12,85
2025-02-03,23:13,94
2025-02-03,23:14,78
2025-02-03,23:15,68
2025-02-03,23:16,59
2025-02-03,23:17,63
2025-02-03,23:18,68
2025-02-03,23:19,71
2025-02-03,23:20,75
2025-02-03,23:21,66
2025-02-03,23:22,67
2025-02-03,23:23,69
2025-02-03,23:24,66
2025-02-03,23:25,67
2025-02-03,23:26,66
2025-02-03,23:27,66
2025-02-03,23:28,64
2025-02-03,23:29,76
2025-02-03,23:30,75
2025-02-03,23:31,66
2025-02-03,23:32,70
2025-02-03,23:33,69
2025-02-03,23:34,69
2025-02-03,23:35,65
2025-02-03,23:36,60
2025-02-03,23:37,64
2025-02-03,23:38,65
2025-02-03,23:39,63
2025-02-03,23:40,66
2025-02-03,23:41,78
2025-02-03,23:42,71
2025-02-03,23:43,71
2025-02-03,23:44,69
2025-02-03,23:45,67
2025-02-03,23:46,70
2025-02-03,23:47,61
2025-02-03,23:48,64
2025-02-03,23:49,67
2025-02-03,23:50,63
2025-02-03,23:51,65
2025-02-03,23:52,63
2025-02-03,23:53,70
2025-02-03,23:54,77
2025-02-03,23:55,74
2025-02-03,23:56,67
2025-02-03,23:57,62
2025-02-03,23:58,65
2025-02-03,23:59,65
2025-02-04,00:00,62
2025-02-04,00:01,63
2025-02-04,00:02,68
2025-02-04,00:03,65
2025-02-04,00:04,68
2025-02-04,00:05,64
2025-02-04,00:06,69
2025-02-04,00:07,69
2025-02-04,00:08,69
2025-02-04,00:09,65
2025-02-04,00:10,62
2025-02-04,00:11,67
2025-02-04,00:12,64
2025-02-04,00:13,64
2025-02-04,00:14,63
2025-02-04,00:15,73
2025-02-04,00:16,68
2025-02-04,00:17,66
2025-02-04,00:18,60
2025-02-04,00:19,62
2025-02-04,00:20,63
2025-02-04,00:21,65
2025-02-04,00:22,67
2025-02-04,00:23,72
2025-02-04,00:24,69
2025-02-04,00:25,69
2025-02-04,00:26,65
2025-02-04,00:27,67
2025-02-04,00:28,62
2025-02-04,00:29,60
2025-02-04,00:30,63
2025-02-04,00:31,62
2025-02-04,00:32,64
2025-02-04,00:33,61
2025-02-04,00:34,63
2025-02-04,00:35,60
2025-02-04,00:36,63
2025-02-04,00:37,66
2025-02-04,00:38,64
2025-02-04,00:39,62
2025-02-04,00:40,72
2025-02-04,00:41,58
2025-02-04,00:42,68
2025-02-04,00:43,77
2025-02-04,00:44,77
2025-02-04,00:45,71
2025-02-04,00:46,58
2025-02-04,00:47,62
2025-02-04,00:48,59
2025-02-04,00:49,61
2025-02-04,00:50,62
2025-02-04,00:51,61
2025-02-04,00:52,63
2025-02-04,00:53,64
2025-02-04,00:54,61
2025-02-04,00:55,62
2025-02-04,00:56,62
2025-02-04,00:57,66
2025-02-04,00:58,59
2025-02-04,00:59,68
2025-02-04,01:00,73
2025-02-04,01:01,68
2025-02-04,01:02,67
2025-02-04,01:03,64
2025-02-04,01:04,70
2025-02-04,01:05,66
2025-02-04,01:06,66
2025-02-04,01:07,76
2025-02-04,01:08,77
2025-02-04,01:09,64
2025-02-04,01:10,70
2025-02-04,01:11,63
2025-02-04,01:12,64
2025-02-04,01:13,67
2025-02-04,01:14,68
2025-02-04,01:15,70
2025-02-04,01:16,72
2025-02-04,01:17,75
2025-02-04,01:18,62
2025-02-04,01:19,64
2025-02-04,01:20,62
2025-02-04,01:21,64
2025-02-04,01:22,69
2025-02-04,01:23,69
2025-02-04,01:24,64
2025-02-04,01:25,68
2025-02-06,21:33,76
2025-02-06,21:34,91
2025-02-06,21:35,100
2025-02-06,21:36,85
2025-02-06,21:37,83
2025-02-06,21:38,87
2025-02-06,21:39,85
2025-02-06,21:40,93
2025-02-13,18:49,75
2025-02-15,17:21,106
2025-02-15,17:22,106
2025-02-15,17:23,89
2025-02-15,17:24,101
2025-02-15,17:25,103
2025-02-15,17:26,94
2025-02-15,17:27,92
2025-02-15,17:28,87
2025-02-15,17:29,94
2025-02-15,17:30,85
2025-02-15,17:31,91
2025-02-15,17:32,99
2025-02-15,17:33,106
2025-02-15,17:34,104
2025-02-15,17:35,94
2025-02-15,17:36,85
2025-02-15,17:37,90
2025-02-15,17:38,93
2025-02-15,17:39,94
2025-02-15,17:40,80
2025-02-15,17:41,91
2025-02-15,17:42,87
2025-02-15,17:43,80
2025-02-15,17:44,84
2025-02-15,17:45,91
2025-02-15,17:46,78
2025-02-15,17:47,83
2025-02-15,17:48,81
2025-02-15,17:49,84
2025-02-15,17:50,79
2025-02-15,17:51,82
2025-02-15,17:52,80
2025-02-15,17:53,76
2025-02-15,17:54,77
2025-02-15,17:55,75
2025-02-15,17:56,78
2025-02-15,17:57,81
2025-02-15,17:58,82
2025-02-15,17:59,81
2025-02-15,18:00,81
2025-02-15,18:01,88
2025-02-15,18:02,81
2025-02-15,18:03,81
2025-02-15,18:04,82
2025-02-15,18:05,86
2025-02-15,18:06,83
2025-02-15,18:07,90
2025-02-15,18:08,83
2025-02-15,18:09,80
2025-02-15,18:10,82
2025-02-15,18:11,76
2025-02-15,18:12,81
2025-02-15,18:13,87
2025-02-15,18:14,84
2025-02-15,18:15,85
2025-02-15,18:16,81
2025-02-15,18:17,79
2025-02-15,18:18,83
2025-02-15,18:19,75
2025-02-15,18:20,79
2025-02-15,18:21,80
2025-02-15,18:22,78
2025-02-15,18:23,75
2025-02-15,18:24,83
2025-02-15,18:25,78
2025-02-15,18:26,80
2025-02-15,18:27,80
2025-02-15,18:28,78
2025-02-15,18:29,82
2025-02-15,18:30,81
2025-02-15,18:31,80
2025-02-15,18:32,80
2025-02-15,18:33,80
2025-02-15,18:34,78
2025-02-15,18:35,82
2025-02-15,18:36,75
2025-02-15,18:37,77
2025-02-15,18:38,75
2025-02-15,18:39,82
2025-02-15,18:40,80
2025-02-15,18:41,89
2025-02-15,18:42,83
2025-02-15,18:43,83
2025-02-15,18:44,89
2025-02-15,18:45,78
2025-02-15,18:46,82
2025-02-15,18:47,77
2025-02-15,18:48,81
2025-02-15,18:49,87
2025-02-15,18:50,76
2025-02-15,18:51,74
2025-02-15,18:52,75
2025-02-15,18:53,75
2025-02-15,18:54,80
2025-02-15,18:55,85
2025-02-15,18:56,90
2025-02-15,18:57,84
2025-02-15,18:58,80
2025-02-15,18:59,81
2025-02-15,19:00,80
2025-02-15,19:01,80
2025-02-15,19:02,76
2025-02-15,19:03,76
2025-02-15,19:04,75
2025-02-15,19:05,86
2025-02-15,19:06,80
2025-02-15,19:07,80
2025-02-15,19:08,80
2025-02-15,19:09,72
2025-02-15,19:10,72
2025-02-15,19:11,67
2025-02-15,19:12,72
2025-02-15,19:13,82
2025-02-15,19:14,87
2025-02-15,19:15,83
2025-02-15,19:16,77
2025-02-15,19:17,82
2025-02-15,19:18,86
2025-02-15,19:19,83
2025-02-15,19:20,80
2025-02-15,19:21,81
2025-02-15,19:22,86
2025-02-15,19:23,80
2025-02-15,19:24,82
2025-02-15,19:25,78
2025-02-15,19:26,81
2025-02-15,19:27,86
2025-02-15,19:28,89
2025-02-15,19:29,86
2025-02-15,19:30,95
2025-02-15,19:31,98
2025-02-15,19:32,100
2025-02-15,19:33,108
2025-02-15,19:34,112
2025-02-15,19:35,105
2025-02-15,19:36,91
2025-02-15,19:37,93
2025-02-15,19:38,83
2025-02-15,19:39,99
2025-02-15,19:40,95
2025-02-15,19:41,76
2025-02-15,19:42,70
2025-02-15,19:43,72
2025-02-15,19:44,79
2025-02-15,19:45,85
2025-02-15,19:46,80
2025-02-15,19:47,71
2025-02-15,19:48,65
2025-02-15,19:49,65
2025-02-15,19:50,68
2025-02-15,19:51,68
2025-02-15,19:52,66
2025-02-15,19:53,65
2025-02-15,19:54,66
2025-02-15,19:55,70
2025-02-15,19:56,68
2025-02-15,19:57,68
2025-02-15,19:58,67
2025-02-15,19:59,67
2025-02-15,20:00,65
2025-02-15,20:01,70
2025-02-15,20:02,68
2025-02-15,20:03,66
2025-02-15,20:04,73
2025-02-15,20:05,81
2025-02-15,20:06,92
2025-02-15,20:07,85
2025-02-15,20:08,90
2025-02-15,20:09,89
2025-02-15,20:10,86
2025-02-15,20:11,85
2025-02-15,20:12,86
2025-02-15,20:13,89
2025-02-15,20:14,92
2025-02-15,20:15,81
2025-02-15,20:16,84
2025-02-15,20:17,79
2025-02-15,20:18,89
2025-02-15,20:19,84
2025-02-15,20:20,90
2025-02-15,20:21,96
2025-02-15,20:22,93
2025-02-15,20:23,88
2025-02-15,20:24,88
2025-02-15,20:25,79
2025-02-15,20:26,77
2025-02-15,20:27,82
2025-02-15,20:28,83
2025-02-15,20:29,94
2025-02-15,20:30,87
2025-02-15,20:31,81
2025-02-15,20:32,77
2025-02-15,20:33,85
2025-02-15,20:34,79
2025-02-15,20:35,81
2025-02-15,20:36,83
2025-02-15,20:37,88
2025-02-15,20:38,79
2025-02-15,20:39,79
2025-02-15,20:40,79
2025-02-15,20:41,78
2025-02-15,20:42,85
2025-02-15,20:43,89
2025-02-15,20:44,78
2025-02-15,20:45,83
2025-02-15,20:46,76
2025-02-15,20:47,76
2025-02-15,20:48,78
2025-02-15,20:49,75
2025-02-15,20:50,81
2025-02-15,20:51,77
2025-02-15,20:52,77
2025-02-15,20:53,81
2025-02-15,20:54,81
2025-02-15,20:55,82
2025-02-15,20:56,81
2025-02-15,20:57,79
2025-02-15,20:58,81
2025-02-15,20:59,86
2025-02-15,21:00,81
2025-02-15,21:01,80
2025-02-15,21:02,80
2025-02-15,21:03,87
2025-02-15,21:04,83
2025-02-15,21:05,80
2025-02-15,21:06,85
2025-02-15,21:07,85
2025-02-15,21:08,81
2025-02-15,21:09,79
2025-02-15,21:10,82
2025-02-15,21:11,84
2025-02-15,21:12,82
2025-02-15,21:13,87
2025-02-15,21:14,88
2025-02-15,21:15,82
2025-02-15,21:16,81
2025-02-15,21:17,86
2025-02-15,21:18,85
2025-02-15,21:19,82
2025-02-15,21:20,82
2025-02-15,21:21,82
2025-02-15,21:22,79
2025-02-15,21:23,82
2025-02-15,21:24,85
2025-02-15,21:25,82
2025-02-15,21:26,80
2025-02-15,21:27,77
2025-02-15,21:28,82
2025-02-15,21:29,78
2025-02-15,21:30,87
2025-02-15,21:31,84
2025-02-15,21:32,82
2025-02-15,21:33,82
2025-02-15,21:34,81
2025-02-15,21:35,87
2025-02-15,21:36,85
2025-02-15,21:37,84
2025-02-15,21:38,85
2025-02-15,21:39,90
2025-02-15,21:40,84
2025-02-15,21:41,91
2025-02-15,21:42,86
2025-02-15,21:43,86
2025-02-15,21:44,87
2025-02-15,21:45,94
2025-02-15,21:46,94
2025-02-15,21:47,95
2025-02-15,21:48,93
2025-02-15,21:49,82
2025-02-15,21:50,81
2025-02-15,21:51,85
2025-02-15,21:52,89
2025-02-15,21:53,87
2025-02-15,21:54,89
2025-02-15,21:55,84
2025-02-15,21:56,89
2025-02-15,21:57,97
2025-02-15,21:58,88
2025-02-15,21:59,84
2025-02-15,22:00,83
2025-02-15,22:01,81
2025-02-15,22:02,86
2025-02-15,22:03,87
2025-02-15,22:04,78
2025-02-15,22:05,81
2025-02-15,22:06,81
2025-02-15,22:07,77
2025-02-15,22:08,82
2025-02-15,22:09,83
2025-02-15,22:10,90
2025-02-15,22:11,84
2025-02-15,22:12,80
2025-02-15,22:13,86
2025-02-15,22:14,89
2025-02-15,22:15,85
2025-02-15,22:16,83
2025-02-15,22:17,84
2025-02-15,22:18,80
2025-02-15,22:19,83
2025-02-15,22:20,87
2025-02-15,22:21,87
2025-02-15,22:22,85
2025-02-15,22:23,81
2025-02-15,22:24,79
2025-02-15,22:25,83
2025-02-15,22:26,84
2025-02-15,22:27,79
2025-02-15,22:28,84
2025-02-15,22:29,98
2025-02-15,22:30,86
2025-02-15,22:31,78
2025-02-15,22:32,76
2025-02-15,22:33,81
2025-02-15,22:34,90
2025-02-15,22:35,90
2025-02-15,22:36,80
2025-02-15,22:37,83
2025-02-15,22:38,81
2025-02-15,22:39,83
2025-02-15,22:40,81
2025-02-15,22:41,83
2025-02-15,22:42,78
2025-02-15,22:43,82
2025-02-15,22:44,86
2025-02-15,22:45,87
2025-02-15,22:46,87
2025-02-15,22:47,86
2025-02-15,22:48,85
2025-02-15,22:49,91
2025-03-03,09:48,85
2025-03-19,17:11,70
2025-03-19,17:12,87
2025-03-19,17:13,91
2025-03-19,17:14,55
2025-03-24,23:07,117
2025-03-24,23:08,107
2025-03-24,23:09,99
2025-03-24,23:10,81
2025-03-24,23:11,95
2025-03-24,23:12,106
2025-03-24,23:13,99
2025-03-24,23:14,69
2025-03-24,23:15,66
2025-03-24,23:16,77
2025-03-24,23:17,84
2025-03-25,20:56,86
2025-03-26,21:09,78
2025-03-26,21:10,88
2025-04-05,10:39,114
2025-04-05,10:40,112
2025-04-05,10:41,112
2025-04-05,10:42,109
2025-04-05,10:43,107
2025-04-05,10:44,92
2025-04-05,10:45,86
2025-04-05,10:46,96
2025-04-05,10:47,99
2025-04-05,10:48,80
2025-04-05,10:49,72
2025-04-05,10:50,73
2025-04-05,10:51,72
2025-04-05,10:52,72
2025-04-05,10:53,72
2025-04-05,10:54,74
2025-04-05,10:55,72
2025-04-05,10:56,77
2025-04-05,10:57,73
2025-04-05,10:58,70
2025-04-05,10:59,71
2025-04-05,11:00,70
2025-04-05,11:01,70
2025-04-05,11:02,71
2025-04-05,11:03,70
2025-04-05,11:04,72
2025-04-05,11:05,71
2025-04-05,11:06,76
2025-04-05,11:07,72
2025-04-05,11:08,71
2025-04-05,11:09,63
2025-04-05,11:10,66
2025-04-05,11:11,73
2025-04-05,11:12,69
2025-04-05,11:13,62
2025-04-05,11:14,64
2025-04-05,11:15,66
2025-04-05,11:16,63
2025-04-05,11:17,64
2025-04-05,11:18,64
2025-04-05,11:19,69
2025-04-05,11:20,65
2025-04-05,11:21,67
2025-04-05,11:22,67
2025-04-05,11:23,67
2025-04-05,11:24,78
2025-04-05,11:25,92
2025-04-05,11:26,86
2025-04-05,11:27,89
2025-04-05,11:28,88
2025-04-25,22:07,75
2025-05-14,09:17,79
2025-05-14,09:18,89
2025-05-14,09:19,91
2025-05-14,09:20,90
2025-05-14,09:21,96
2025-05-14,09:22,96
2025-05-14,09:23,98
2025-05-14,09:24,105
2025-05-14,09:25,102
2025-05-14,09:26,101
2025-05-17,00:03,70
2025-05-19,22:08,110
2025-05-22,21:18,80
2025-05-22,21:19,88
2025-05-22,21:20,97
2025-05-22,21:21,81
2025-05-22,21:22,87
2025-05-22,21:23,96
2025-05-22,21:24,99
2025-05-22,21:25,82
2025-05-22,21:26,81
2025-05-22,21:27,90
2025-05-22,21:28,80
2025-05-22,21:29,72
2025-05-22,21:30,75
2025-05-22,21:31,80
2025-05-22,21:32,76
2025-05-22,21:35,74
2025-05-22,21:38,78
2025-05-22,21:39,79
2025-05-22,21:40,81
2025-05-22,21:41,79
2025-05-22,21:42,77
2025-05-22,21:43,82
2025-05-22,21:44,77
2025-05-22,21:45,74
2025-05-22,21:46,75
2025-05-22,21:47,78
2025-05-22,21:48,74
2025-05-22,21:49,78
2025-05-22,21:50,76
2025-05-22,21:51,88
2025-05-22,21:52,79
2025-05-22,21:57,79
2025-05-22,22:04,75
2025-05-22,22:05,75
2025-05-22,22:06,78
2025-05-22,22:07,81
2025-05-22,22:08,76
2025-05-22,22:10,85
2025-05-22,22:13,78
2025-05-22,22:20,77
2025-05-22,22:21,71
2025-05-22,22:23,72
2025-05-22,22:24,74
2025-05-22,22:25,70
2025-05-22,22:26,73
2025-05-22,22:27,73
2025-05-22,22:29,69
2025-05-22,22:30,72
2025-05-22,22:40,74
2025-05-22,22:41,72
2025-05-22,22:43,73
2025-05-30,09:53,82
2025-05-30,09:54,76
2025-06-05,21:25,102
2025-06-05,21:26,99
2025-06-05,21:27,90
2025-06-05,21:28,95
2025-06-05,21:29,114
2025-06-05,21:30,94
2025-06-05,21:31,96
2025-06-05,21:32,89
2025-06-05,21:33,71
2025-06-05,21:34,67
2025-06-05,21:35,72
2025-06-05,21:36,71
2025-06-05,21:37,68
2025-06-05,21:38,71
2025-06-05,21:39,72
2025-06-05,21:40,75
2025-06-05,21:41,73
2025-06-05,21:42,70
2025-06-05,21:43,74
2025-06-05,21:44,73
2025-06-05,21:45,73
2025-06-05,21:46,76
2025-06-05,21:47,74
2025-06-05,21:48,70
2025-06-05,21:49,69
2025-06-05,21:50,72
2025-06-05,21:51,71
2025-06-05,21:52,78
2025-06-05,21:53,80
2025-06-05,21:54,82
2025-06-05,21:55,90
2025-06-05,21:56,95
2025-06-05,21:57,83
2025-06-05,21:58,69
2025-06-05,21:59,73
2025-06-05,22:00,74
2025-06-05,22:01,69
2025-06-05,22:02,73
2025-06-05,22:03,83
2025-06-05,22:04,76
2025-06-05,22:05,75
2025-06-05,22:06,78
2025-06-05,22:07,73
2025-06-05,22:08,69
2025-06-05,22:09,77
2025-06-05,22:10,76
2025-06-05,22:11,79
2025-06-05,22:12,79
2025-06-05,22:13,90
2025-06-05,22:14,82
2025-06-05,22:15,70
2025-06-05,22:16,75
2025-06-05,22:17,80
2025-06-05,22:19,83
2025-06-05,22:20,76
2025-06-05,22:21,76
2025-06-05,22:22,76
2025-06-05,22:23,77
2025-06-05,22:24,82
2025-06-05,22:25,85
2025-06-05,22:26,88
2025-06-05,22:27,93
2025-06-05,22:28,83
2025-06-05,22:29,85
2025-06-05,22:30,84
2025-06-05,22:31,83
2025-06-05,22:32,81
2025-06-05,22:33,80
2025-06-05,22:34,81
2025-06-05,22:35,78
2025-06-05,22:36,76
2025-06-05,22:37,83
2025-06-05,22:38,82
2025-06-05,22:39,85
2025-06-05,22:40,82
2025-06-05,22:41,84
2025-06-05,22:42,83
2025-06-05,22:43,82
2025-06-05,22:44,80
2025-06-05,22:45,86
2025-06-05,22:46,79
2025-06-05,22:47,79
2025-06-05,22:48,80
2025-06-05,22:49,79
2025-06-05,22:50,78
2025-06-05,22:51,77
2025-06-05,22:52,78
2025-06-05,22:53,82
2025-06-05,22:54,93
2025-06-05,22:55,75
2025-06-05,22:56,72
2025-06-05,22:57,78
2025-06-05,22:58,77
2025-06-05,22:59,78
2025-06-05,23:00,77
2025-06-05,23:01,83
2025-06-05,23:02,82
2025-06-05,23:03,77
2025-06-05,23:04,79
2025-06-05,23:05,80
2025-06-05,23:06,84
2025-06-05,23:07,83
2025-06-05,23:09,81
2025-06-05,23:13,78
2025-06-05,23:14,81
2025-06-05,23:15,85
2025-06-05,23:16,88
2025-06-05,23:17,82
2025-06-05,23:18,81
2025-06-05,23:19,85
2025-06-05,23:20,85
2025-06-05,23:21,82
2025-06-05,23:22,77
2025-06-05,23:23,87
2025-06-05,23:24,85
2025-06-05,23:25,84
2025-06-05,23:26,81
2025-06-05,23:27,81
2025-06-05,23:28,79
2025-06-05,23:31,77
2025-06-05,23:32,80
2025-06-05,23:33,82
2025-06-05,23:34,81
2025-06-05,23:35,84
2025-06-05,23:36,82
2025-06-05,23:37,88
2025-06-05,23:38,79
2025-06-05,23:39,79
2025-06-05,23:40,81
2025-06-05,23:41,80
2025-06-05,23:43,84
2025-06-05,23:44,85
2025-06-05,23:45,83
2025-06-05,23:46,86
2025-06-05,23:47,81
2025-06-05,23:48,82
2025-06-05,23:49,84
2025-06-05,23:50,83
2025-06-05,23:51,81
2025-06-05,23:56,86
2025-06-05,23:57,96
2025-06-05,23:58,106
2025-06-05,23:59,96
2025-06-06,00:00,80
2025-06-06,00:01,90
2025-06-06,00:02,92
2025-06-06,00:03,101
2025-06-06,00:04,105
2025-06-06,00:05,83
2025-06-06,00:06,75
2025-06-06,00:07,73
2025-06-06,00:08,82
2025-06-06,00:09,87
2025-06-06,00:10,84
2025-06-06,00:11,88
2025-06-06,00:12,94
2025-06-06,00:13,91
2025-06-06,00:14,96
2025-06-06,00:15,101
2025-06-06,00:16,86
2025-06-06,00:17,78
2025-06-06,00:18,72
2025-06-06,00:19,72
2025-06-06,00:20,70
2025-06-06,00:21,76
2025-06-06,00:22,74
2025-06-06,00:23,70
2025-06-06,00:24,74
2025-06-06,00:25,73
2025-06-06,00:26,73
2025-06-06,00:27,71
2025-06-06,00:28,74
2025-06-06,00:29,72
2025-06-06,00:30,79
2025-06-06,00:31,70
2025-06-06,00:32,69
2025-06-06,00:33,70
2025-06-06,00:34,71
2025-06-06,00:35,67
2025-06-06,00:36,69
2025-06-06,00:37,73
2025-06-06,00:38,69
2025-06-06,00:39,82
2025-06-06,00:40,66
2025-06-06,00:42,70
2025-06-06,00:44,70
2025-06-06,00:47,69
2025-06-06,00:49,68
2025-06-06,00:50,74
2025-06-06,00:51,84
2025-06-06,00:52,84
2025-06-06,00:53,73
2025-06-06,00:55,77
2025-06-06,01:02,73
2025-06-06,01:06,73
2025-06-06,01:07,70
2025-06-06,01:08,73
2025-06-06,01:09,81
2025-06-06,01:10,72
2025-06-06,01:18,67
2025-06-06,01:20,67
2025-06-06,01:27,67
2025-06-06,01:28,68
2025-06-06,01:29,67
2025-06-06,01:33,68
2025-06-06,01:34,65
2025-06-06,01:35,66
2025-06-06,01:36,67
2025-06-06,01:37,67
2025-06-06,01:38,67
2025-06-06,01:39,68
2025-06-06,01:40,67
2025-06-06,01:41,67
2025-06-06,01:42,67
2025-06-06,01:43,67
2025-06-06,01:44,68
2025-06-06,01:45,67
2025-06-06,01:46,68
2025-06-06,01:47,67
2025-06-06,01:48,66
2025-06-06,01:49,68
2025-06-06,01:50,68
2025-06-06,01:51,68
2025-06-06,01:52,68
2025-06-06,01:53,67
2025-06-06,01:55,68
2025-06-06,01:56,67
2025-06-06,01:58,68
2025-06-06,01:59,67
2025-06-06,02:00,66
2025-06-06,02:02,69
2025-06-06,02:03,68
2025-06-06,02:04,68
2025-06-06,02:05,71
2025-06-06,02:06,72
2025-06-06,02:07,62
2025-06-06,02:26,71
2025-06-06,02:27,73
2025-06-06,02:32,65
2025-06-06,02:33,64
2025-06-06,02:53,63
2025-06-06,03:00,63
2025-06-06,03:02,64
2025-06-06,03:03,65
2025-06-06,03:04,65
2025-06-06,03:06,66
2025-06-06,03:09,65
2025-06-06,03:10,66
2025-06-06,03:11,66
2025-06-06,03:12,65
2025-06-06,03:13,67
2025-06-06,03:14,64
2025-06-06,03:16,63
2025-06-06,03:17,68
2025-06-06,03:18,63
2025-06-06,03:28,63
2025-06-06,03:29,62
2025-06-06,03:30,64
2025-06-06,03:31,64
2025-06-06,03:32,63
2025-06-06,03:33,64
2025-06-06,03:34,63
2025-06-06,03:35,64
2025-06-06,03:36,66
2025-06-06,03:37,67
2025-06-06,03:38,60
2025-06-06,03:39,68
2025-06-06,03:40,62
2025-06-06,03:41,65
2025-06-06,03:42,73
2025-06-06,03:43,72
2025-06-06,03:44,68
2025-06-06,03:45,61
2025-06-06,03:46,64
2025-06-06,03:47,63
2025-06-06,03:48,65
2025-06-06,03:49,66
2025-06-06,03:53,61
2025-06-06,03:54,62
2025-06-06,03:55,60
2025-06-06,03:56,65
2025-06-06,03:57,76
2025-06-07,19:27,75
2025-06-10,21:32,78
2025-06-29,15:28,106
2025-06-29,15:29,110
2025-06-29,15:30,107
2025-06-29,15:31,105
2025-06-29,15:32,99
2025-06-29,15:33,92
2025-06-29,15:34,102
2025-06-29,15:35,96
2025-06-29,15:36,104
2025-06-29,15:37,105
2025-06-29,15:38,109
2025-06-29,15:39,117
2025-06-29,15:40,113
2025-06-29,15:41,101
2025-06-29,15:42,96
2025-06-29,15:43,81
2025-06-29,15:44,82
2025-06-29,15:45,78
2025-06-29,15:46,78
2025-06-29,15:47,73
2025-06-29,15:48,80
2025-06-29,15:49,90
2025-06-29,15:50,94
2025-06-29,15:51,85
2025-06-29,15:52,73
2025-06-29,15:53,74
2025-06-29,15:54,88
2025-06-29,15:55,88
2025-06-29,15:56,84
2025-06-29,15:57,76
2025-06-29,15:58,73
2025-06-29,15:59,72
2025-06-29,16:00,69
2025-06-29,16:01,69
2025-06-29,16:02,73
2025-06-29,16:03,71
2025-06-29,16:04,70
2025-06-29,16:05,70
2025-06-29,16:06,72
2025-06-29,16:07,69
2025-06-29,16:08,78
2025-06-29,16:09,72
2025-06-29,16:10,73
2025-06-29,16:11,72
2025-06-29,16:12,86
2025-06-29,16:13,94
2025-06-29,16:14,95
2025-06-29,16:15,90
2025-06-29,16:16,87
2025-06-29,16:17,90
2025-06-29,16:18,92
2025-06-29,16:19,92
2025-06-29,16:20,90
2025-06-29,16:21,95
2025-06-29,16:22,92
2025-06-29,16:23,89
2025-06-29,16:24,89
2025-06-29,16:25,90
2025-06-29,16:26,89
2025-06-29,16:27,92
2025-06-29,16:28,89
2025-06-29,16:29,84
2025-06-29,16:30,91
2025-06-29,16:31,93
2025-06-29,16:32,92
2025-06-29,16:33,88
2025-06-29,16:34,91
2025-06-29,16:35,91
2025-06-29,16:36,98
2025-06-29,16:37,96
2025-06-29,16:38,100
2025-06-29,16:39,97
2025-06-29,16:40,94
2025-06-29,16:41,91
2025-06-29,16:42,89
2025-06-29,16:43,96
2025-06-29,16:44,94
2025-06-29,16:45,93
2025-06-29,16:46,100
2025-06-29,16:47,106
2025-06-29,16:48,109
2025-06-29,16:49,100
2025-06-29,16:50,85
2025-06-29,16:51,77
2025-06-29,16:52,84
2025-06-29,16:53,84
2025-06-29,16:54,83
2025-06-29,16:55,83
2025-06-29,16:56,85
2025-06-29,16:57,84
2025-06-29,16:58,86
2025-06-29,16:59,84
2025-06-29,17:00,84
2025-06-29,17:01,87
2025-06-29,17:02,89
2025-06-29,17:03,86
2025-06-29,17:04,86
2025-06-29,17:05,85
2025-06-29,17:06,87
2025-06-29,17:07,85
2025-06-29,17:08,87
2025-06-29,17:09,88
2025-06-29,17:10,90
2025-06-29,17:11,91
2025-06-29,17:12,97
2025-07-06,16:51,92
2025-07-06,16:52,78
2025-07-06,16:53,87
2025-07-06,16:54,92
2025-07-06,16:55,101
2025-07-06,16:56,108
2025-07-06,16:57,95
2025-07-08,00:42,106
2025-07-08,00:43,101
2025-07-08,00:44,107
2025-07-08,00:45,101
2025-07-08,00:46,95
2025-07-08,00:47,94
2025-07-08,00:48,92
2025-07-08,00:49,87
2025-07-08,00:50,94
2025-07-08,00:51,98
2025-07-08,00:52,99
2025-07-11,09:04,88
2025-07-11,09:05,95
2025-07-11,09:06,100
2025-07-11,09:07,105
2025-07-11,09:08,89
2025-07-11,09:09,79
2025-07-11,09:10,85
2025-07-20,08:42,94
2025-07-24,19:05,74
2025-07-24,19:06,76
2025-07-30,23:18,70
2025-08-03,10:37,94
2025-08-08,10:00,95
2025-08-08,10:01,100
2025-08-08,10:02,100
2025-08-08,10:03,83
2025-08-08,10:04,82
2025-08-08,10:05,85
2025-08-08,10:06,103
2025-08-08,10:07,100
2025-08-11,12:51,106
2025-08-11,16:33,76
2025-08-11,16:34,77
2025-08-18,21:01,70
2025-08-22,13:53,76
2025-08-22,18:37,126
2025-08-24,10:59,73
2025-08-24,11:00,86
2025-08-24,11:01,95
2025-08-24,11:02,102
2025-08-24,11:03,110
2025-08-24,11:04,107
2025-08-24,11:05,105
2025-08-24,11:06,110
2025-08-24,11:07,109
2025-08-24,11:08,103
2025-08-24,11:09,105
2025-08-24,11:10,117
2025-08-24,11:11,137
2025-08-24,11:12,158
2025-08-24,11:13,156
2025-08-24,11:14,136
2025-08-24,11:15,128
