date,steps,distance,runDistance,calories,weekday,is_weekend,total_hrs,avg_hr
2023-01-01,15845.0,11370.0,240.0,383.0,Sunday,True,7.35,
2023-01-02,9312.0,6993.0,226.0,240.0,Monday,False,,88.94285714285714
2023-01-03,5795.0,4350.0,186.0,148.0,Tuesday,False,9.466666666666667,
2023-01-04,1077.0,737.0,67.0,27.0,Wednesday,False,8.633333333333333,
2023-01-05,4086.0,2949.0,192.0,98.0,Thursday,False,7.366666666666666,102.0
2023-01-06,1724.0,1180.0,178.0,44.0,Friday,False,8.983333333333333,
2023-01-07,6482.0,4899.0,337.0,166.0,Saturday,True,8.533333333333333,
2023-01-08,1295.0,886.0,116.0,31.0,Sunday,True,9.933333333333334,
2023-01-09,5360.0,3890.0,378.0,138.0,Monday,False,8.95,83.33333333333333
2023-01-10,5428.0,4210.0,211.0,148.0,Tuesday,False,7.616666666666666,102.0
2023-01-11,1751.0,1198.0,200.0,43.0,Wednesday,False,8.766666666666667,
2023-01-12,2952.0,2238.0,142.0,81.0,Thursday,False,9.266666666666667,
2023-01-13,5568.0,4160.0,330.0,147.0,Friday,False,5.25,71.0
2023-01-14,16045.0,12226.0,249.0,417.0,Saturday,True,9.683333333333334,
2023-01-15,12441.0,9489.0,294.0,326.0,Sunday,True,9.166666666666666,
2023-01-16,7627.0,6016.0,404.0,211.0,Monday,False,5.7,76.0
2023-01-17,1157.0,792.0,128.0,29.0,Tuesday,False,9.95,
2023-01-18,1999.0,1375.0,190.0,49.0,Wednesday,False,6.216666666666667,99.66666666666667
2023-01-19,,,,,,,8.716666666666667,
2023-01-22,3802.0,2753.0,155.0,96.0,Sunday,True,,81.0
2023-01-23,504.0,345.0,73.0,14.0,Monday,False,9.633333333333333,73.5
2023-01-24,1472.0,1007.0,133.0,39.0,Tuesday,False,8.9,
2023-01-25,745.0,510.0,148.0,24.0,Wednesday,False,8.633333333333333,
2023-01-26,886.0,606.0,119.0,24.0,Thursday,False,9.266666666666667,
2023-01-27,3393.0,2482.0,159.0,88.0,Friday,False,8.516666666666667,
2023-01-28,10529.0,8334.0,279.0,288.0,Saturday,True,8.916666666666666,67.0
2023-01-29,1161.0,794.0,80.0,28.0,Sunday,True,10.916666666666666,
2023-01-30,1425.0,975.0,190.0,38.0,Monday,False,8.6,
2023-01-31,633.0,433.0,88.0,16.0,Tuesday,False,9.9,
2023-02-01,1273.0,871.0,151.0,30.0,Wednesday,False,7.216666666666667,87.45454545454545
2023-02-02,2834.0,2154.0,107.0,74.0,Thursday,False,9.35,
2023-02-03,2445.0,1871.0,129.0,66.0,Friday,False,9.083333333333334,73.47916666666666
2023-02-04,8350.0,6181.0,233.0,206.0,Saturday,True,5.566666666666666,
2023-02-05,10113.0,7985.0,217.0,272.0,Sunday,True,10.566666666666666,
2023-02-06,1263.0,893.0,134.0,34.0,Monday,False,10.65,
2023-02-07,1938.0,1326.0,252.0,51.0,Tuesday,False,9.633333333333333,
2023-02-08,3172.0,2174.0,222.0,71.0,Wednesday,False,7.5,
2023-02-09,3207.0,2406.0,236.0,87.0,Thursday,False,9.916666666666666,
2023-02-10,1450.0,992.0,143.0,34.0,Friday,False,7.9,
2023-02-11,15557.0,12254.0,392.0,421.0,Saturday,True,9.35,
2023-02-12,16302.0,12305.0,958.0,425.0,Sunday,True,,103.1304347826087
2023-02-13,869.0,612.0,168.0,25.0,Monday,False,10.3,
2023-02-14,2204.0,1508.0,199.0,57.0,Tuesday,False,7.95,
2023-02-15,861.0,589.0,115.0,23.0,Wednesday,False,8.85,
2023-02-16,3704.0,2696.0,267.0,95.0,Thursday,False,9.5,76.28571428571429
2023-02-17,2910.0,2242.0,119.0,84.0,Friday,False,9.283333333333333,
2023-02-18,1760.0,1204.0,120.0,45.0,Saturday,True,7.833333333333333,81.0
2023-02-19,5113.0,3847.0,276.0,132.0,Sunday,True,9.2,
2023-02-20,1452.0,993.0,118.0,35.0,Monday,False,9.533333333333333,
2023-02-21,2917.0,2212.0,189.0,76.0,Tuesday,False,8.9,
2023-02-22,2320.0,1587.0,291.0,60.0,Wednesday,False,8.633333333333333,
2023-02-23,1202.0,822.0,198.0,38.0,Thursday,False,9.7,
2023-02-24,6630.0,5190.0,179.0,177.0,Friday,False,11.333333333333334,
2023-02-25,2907.0,2147.0,146.0,79.0,Saturday,True,9.983333333333333,
2023-02-26,1482.0,1014.0,210.0,38.0,Sunday,True,9.0,95.14285714285714
2023-02-27,1454.0,995.0,217.0,35.0,Monday,False,8.6,79.9344262295082
2023-02-28,1781.0,1219.0,205.0,41.0,Tuesday,False,8.983333333333333,106.0
2023-03-01,2934.0,2172.0,287.0,76.0,Wednesday,False,9.333333333333334,
2023-03-02,3501.0,2544.0,231.0,88.0,Thursday,False,7.716666666666667,
2023-03-03,869.0,595.0,86.0,26.0,Friday,False,9.15,
2023-03-04,6640.0,5026.0,262.0,173.0,Saturday,True,8.816666666666666,70.33333333333333
2023-03-05,12762.0,9726.0,304.0,325.0,Sunday,True,9.25,
2023-03-06,1016.0,695.0,69.0,26.0,Monday,False,9.616666666666667,70.0
2023-03-07,2743.0,2047.0,132.0,73.0,Tuesday,False,9.116666666666667,
2023-03-08,2156.0,1475.0,200.0,52.0,Wednesday,False,8.583333333333334,
2023-03-09,2302.0,1768.0,172.0,62.0,Thursday,False,8.516666666666667,
2023-03-10,1752.0,1211.0,188.0,43.0,Friday,False,9.35,
2023-03-11,3579.0,2504.0,140.0,86.0,Saturday,True,7.05,
2023-03-12,1095.0,749.0,182.0,33.0,Sunday,True,9.566666666666666,
2023-03-13,841.0,575.0,116.0,25.0,Monday,False,10.316666666666666,
2023-03-22,1058.0,724.0,135.0,30.0,Wednesday,False,4.0,
2023-03-23,2571.0,1913.0,150.0,66.0,Thursday,False,9.033333333333333,
2023-03-24,2441.0,1814.0,119.0,65.0,Friday,False,8.833333333333334,
2023-03-25,7934.0,5773.0,163.0,205.0,Saturday,True,8.8,
2023-03-26,1699.0,1162.0,166.0,44.0,Sunday,True,9.3,
2023-03-27,597.0,408.0,126.0,17.0,Monday,False,10.25,
2023-03-28,2782.0,2078.0,149.0,75.0,Tuesday,False,9.566666666666666,86.0
2023-03-29,2186.0,1496.0,135.0,52.0,Wednesday,False,8.933333333333334,
2023-03-30,1450.0,992.0,87.0,35.0,Thursday,False,9.35,97.94117647058823
2023-03-31,5157.0,4038.0,144.0,142.0,Friday,False,9.883333333333333,
2023-04-01,3423.0,2392.0,162.0,77.0,Saturday,True,9.416666666666666,106.0
2023-04-02,5170.0,3925.0,231.0,140.0,Sunday,True,10.066666666666666,
2023-04-03,1009.0,690.0,87.0,25.0,Monday,False,8.65,100.5
2023-04-04,2533.0,1923.0,160.0,71.0,Tuesday,False,8.383333333333333,
2023-04-05,1498.0,1025.0,195.0,40.0,Wednesday,False,9.55,102.0
2023-04-06,2168.0,1656.0,108.0,57.0,Thursday,False,9.483333333333333,
2023-05-26,9066.0,6856.0,188.0,234.0,Friday,False,,
2023-05-27,12331.0,9226.0,336.0,318.0,Saturday,True,9.2,91.26086956521739
2023-05-28,16001.0,12126.0,506.0,408.0,Sunday,True,5.966666666666667,
2023-05-29,4138.0,3026.0,208.0,99.0,Monday,False,9.133333333333333,104.0
2023-05-30,5401.0,4020.0,205.0,141.0,Tuesday,False,8.983333333333333,
2023-05-31,3749.0,2797.0,177.0,95.0,Wednesday,False,9.466666666666667,
2023-06-01,3601.0,2614.0,223.0,89.0,Thursday,False,8.8,
2023-06-02,3243.0,2226.0,196.0,71.0,Friday,False,8.683333333333334,
2023-06-03,19524.0,14995.0,432.0,505.0,Saturday,True,8.5,
2023-06-04,3348.0,2470.0,241.0,90.0,Sunday,True,9.25,
2023-06-05,5505.0,4162.0,137.0,146.0,Monday,False,9.25,
2023-06-06,4551.0,3329.0,347.0,116.0,Tuesday,False,7.933333333333334,
2023-06-07,15287.0,11878.0,467.0,411.0,Wednesday,False,6.7,
2023-06-08,12328.0,8960.0,599.0,302.0,Thursday,False,8.083333333333334,
2023-06-09,23722.0,18717.0,943.0,651.0,Friday,False,,
2023-06-10,6786.0,5147.0,452.0,180.0,Saturday,True,9.133333333333333,
2023-06-11,7577.0,5604.0,279.0,193.0,Sunday,True,8.316666666666666,101.0
2023-06-12,1786.0,1311.0,158.0,48.0,Monday,False,9.8,
2023-06-13,7770.0,6075.0,265.0,215.0,Tuesday,False,9.216666666666667,
2023-06-14,6474.0,5000.0,196.0,171.0,Wednesday,False,9.933333333333334,
2023-06-15,2938.0,2278.0,167.0,85.0,Thursday,False,7.416666666666667,
2023-06-16,3245.0,2324.0,211.0,82.0,Friday,False,8.816666666666666,
2023-06-17,5898.0,4442.0,145.0,153.0,Saturday,True,8.383333333333333,
2023-06-18,13107.0,9890.0,348.0,336.0,Sunday,True,6.65,
2023-06-19,2658.0,1971.0,170.0,68.0,Monday,False,9.65,
2023-06-20,2795.0,1922.0,162.0,61.0,Tuesday,False,9.25,
2023-06-21,3939.0,2774.0,176.0,93.0,Wednesday,False,8.783333333333333,89.8
2023-06-22,9169.0,6816.0,341.0,232.0,Thursday,False,8.416666666666666,
2023-06-23,7914.0,6107.0,257.0,208.0,Friday,False,10.4,
2023-06-24,6310.0,4701.0,412.0,169.0,Saturday,True,7.416666666666667,
2023-06-25,880.0,602.0,153.0,30.0,Sunday,True,8.833333333333334,
2023-06-26,3079.0,2107.0,205.0,68.0,Monday,False,8.066666666666666,
2023-06-27,4335.0,3260.0,174.0,116.0,Tuesday,False,8.1,
2023-06-28,6785.0,5159.0,292.0,180.0,Wednesday,False,8.783333333333333,
2023-06-29,,,,,,,8.516666666666667,
2023-07-06,3569.0,2535.0,327.0,88.0,Thursday,False,9.183333333333334,
2023-07-07,7007.0,5328.0,248.0,189.0,Friday,False,8.3,71.0
2023-07-08,10310.0,7932.0,429.0,265.0,Saturday,True,9.233333333333333,82.5
2023-07-09,18390.0,13979.0,590.0,474.0,Sunday,True,5.616666666666666,
2023-07-10,6736.0,4990.0,262.0,171.0,Monday,False,9.95,76.0
2023-07-11,1699.0,1179.0,158.0,38.0,Tuesday,False,8.816666666666666,
2023-07-12,3236.0,2257.0,286.0,74.0,Wednesday,False,9.65,
2023-07-13,5576.0,3847.0,346.0,125.0,Thursday,False,9.616666666666667,
2023-07-14,10559.0,8345.0,273.0,287.0,Friday,False,9.033333333333333,
2023-07-15,28852.0,22443.0,758.0,777.0,Saturday,True,,
2023-07-16,9107.0,7549.0,287.0,269.0,Sunday,True,7.95,
2023-07-17,6657.0,4946.0,393.0,169.0,Monday,False,7.4,
2023-07-18,1011.0,692.0,107.0,28.0,Tuesday,False,9.483333333333333,
2023-07-19,3345.0,2553.0,261.0,91.0,Wednesday,False,8.183333333333334,
2023-07-20,2779.0,2026.0,311.0,81.0,Thursday,False,9.866666666666667,
2023-07-21,10934.0,8530.0,604.0,306.0,Friday,False,7.883333333333334,
2023-07-22,6016.0,4535.0,290.0,156.0,Saturday,True,10.033333333333333,101.0
2023-07-23,19480.0,14787.0,256.0,505.0,Sunday,True,9.3,76.0
2023-07-24,1633.0,1289.0,93.0,51.0,Monday,False,10.816666666666666,
2023-07-25,1510.0,1033.0,185.0,38.0,Tuesday,False,9.316666666666666,
2023-07-26,11115.0,8739.0,273.0,299.0,Wednesday,False,10.983333333333333,
2023-07-27,4229.0,2984.0,351.0,104.0,Thursday,False,9.383333333333333,
2023-07-28,6414.0,4904.0,205.0,171.0,Friday,False,9.066666666666666,
2023-07-29,9573.0,7126.0,369.0,248.0,Saturday,True,8.466666666666667,
2023-07-30,7331.0,5674.0,337.0,201.0,Sunday,True,7.016666666666667,
2023-07-31,3686.0,2801.0,226.0,97.0,Monday,False,9.283333333333333,
2023-08-01,3780.0,2925.0,203.0,106.0,Tuesday,False,11.916666666666666,
2023-08-02,2932.0,2042.0,212.0,71.0,Wednesday,False,,84.25
2023-08-03,3635.0,2696.0,289.0,94.0,Thursday,False,9.75,
2023-08-04,4895.0,3552.0,181.0,114.0,Friday,False,7.9,
2023-08-05,4675.0,3677.0,127.0,132.0,Saturday,True,7.233333333333333,
2023-08-07,3591.0,2918.0,81.0,103.0,Monday,False,,
2023-08-08,6259.0,4722.0,410.0,168.0,Tuesday,False,12.45,
2023-08-09,4964.0,3796.0,213.0,134.0,Wednesday,False,8.766666666666667,
2023-08-10,8109.0,6171.0,404.0,213.0,Thursday,False,9.383333333333333,
2023-08-11,15568.0,12309.0,375.0,421.0,Friday,False,7.466666666666667,
2023-08-12,11607.0,8447.0,859.0,296.0,Saturday,True,9.633333333333333,
2023-08-13,2902.0,2126.0,243.0,79.0,Sunday,True,7.8,
2023-08-14,1407.0,963.0,164.0,37.0,Monday,False,10.066666666666666,
2023-08-15,8260.0,6212.0,376.0,216.0,Tuesday,False,6.866666666666666,
2023-08-16,4275.0,3075.0,232.0,101.0,Wednesday,False,9.616666666666667,107.0
2023-08-17,2077.0,1543.0,171.0,60.0,Thursday,False,8.566666666666666,
2023-08-18,13643.0,10556.0,1667.0,367.0,Friday,False,7.666666666666667,
2023-08-19,8720.0,6756.0,391.0,238.0,Saturday,True,9.316666666666666,
2023-08-20,12865.0,9764.0,557.0,337.0,Sunday,True,7.566666666666666,85.83333333333333
2023-08-21,2194.0,1501.0,169.0,54.0,Monday,False,9.1,
2023-09-01,4535.0,3114.0,442.0,116.0,Friday,False,,
2023-09-02,24950.0,18823.0,319.0,643.0,Saturday,True,9.283333333333333,
2023-09-03,19531.0,15094.0,344.0,513.0,Sunday,True,7.333333333333333,
2023-09-04,11640.0,8644.0,246.0,284.0,Monday,False,7.8,93.0
2023-09-05,14409.0,11308.0,200.0,383.0,Tuesday,False,7.75,
2023-09-06,17196.0,12937.0,452.0,436.0,Wednesday,False,8.533333333333333,
2023-09-07,4055.0,3165.0,101.0,112.0,Thursday,False,,
2023-09-08,3072.0,2118.0,195.0,70.0,Friday,False,9.783333333333333,
2023-09-09,8207.0,6199.0,175.0,211.0,Saturday,True,9.1,
2023-09-10,13282.0,9877.0,373.0,335.0,Sunday,True,9.1,102.0
2023-09-11,,,,,,,9.033333333333333,
2023-09-12,3964.0,2821.0,254.0,98.0,Tuesday,False,7.933333333333334,
2023-09-13,5943.0,4708.0,120.0,166.0,Wednesday,False,9.833333333333334,
2023-09-14,1438.0,984.0,150.0,38.0,Thursday,False,8.65,
2023-09-15,2798.0,2056.0,167.0,70.0,Friday,False,7.483333333333333,
2023-09-16,18058.0,14572.0,415.0,502.0,Saturday,True,8.666666666666666,
2023-09-17,7133.0,5502.0,323.0,189.0,Sunday,True,5.4,
2023-09-18,4091.0,2895.0,315.0,102.0,Monday,False,9.133333333333333,
2023-09-19,2392.0,1813.0,108.0,63.0,Tuesday,False,8.95,
2023-09-20,2371.0,1622.0,225.0,56.0,Wednesday,False,8.566666666666666,95.1
2023-09-21,854.0,584.0,165.0,26.0,Thursday,False,8.916666666666666,
2023-09-22,3931.0,2698.0,332.0,87.0,Friday,False,9.433333333333334,
2023-09-23,14757.0,11235.0,247.0,389.0,Saturday,True,9.9,
2023-09-24,2163.0,1480.0,187.0,56.0,Sunday,True,9.916666666666666,
2023-09-25,2085.0,1540.0,124.0,58.0,Monday,False,9.8,
2023-09-26,8173.0,6249.0,305.0,214.0,Tuesday,False,9.866666666666667,
2023-09-27,5493.0,4120.0,163.0,141.0,Wednesday,False,8.433333333333334,
2023-09-28,7933.0,6045.0,303.0,206.0,Thursday,False,9.15,85.0
2023-09-29,8428.0,6777.0,284.0,235.0,Friday,False,8.516666666666667,
2023-09-30,8142.0,6100.0,286.0,207.0,Saturday,True,7.433333333333334,
2023-10-01,9937.0,7851.0,338.0,274.0,Sunday,True,9.35,
2023-10-02,11048.0,8763.0,533.0,306.0,Monday,False,8.6,
2023-10-03,,,,,,,9.95,
2023-10-04,4073.0,2882.0,248.0,102.0,Wednesday,False,9.983333333333333,
2023-10-05,2069.0,1416.0,155.0,49.0,Thursday,False,8.166666666666666,
2023-10-06,3791.0,2758.0,306.0,96.0,Friday,False,8.9,
2023-10-07,2832.0,2102.0,312.0,79.0,Saturday,True,9.633333333333333,
2023-10-08,10832.0,8322.0,327.0,286.0,Sunday,True,8.9,77.0
2023-10-09,2474.0,1697.0,194.0,54.0,Monday,False,8.2,75.0
2023-10-10,2334.0,1753.0,190.0,66.0,Tuesday,False,8.816666666666666,
2023-10-11,3240.0,2278.0,445.0,78.0,Wednesday,False,8.766666666666667,
2023-10-12,3333.0,2414.0,230.0,85.0,Thursday,False,8.5,62.0
2023-10-13,9192.0,6857.0,232.0,235.0,Friday,False,9.1,
2023-10-14,14996.0,11623.0,1854.0,414.0,Saturday,True,9.583333333333334,
2023-10-15,967.0,662.0,120.0,27.0,Sunday,True,9.483333333333333,
2023-10-16,2394.0,1639.0,193.0,53.0,Monday,False,9.4,
2023-10-17,3696.0,2807.0,230.0,101.0,Tuesday,False,8.666666666666666,
2023-10-18,3838.0,2688.0,189.0,90.0,Wednesday,False,9.416666666666666,
2023-10-19,2725.0,1994.0,155.0,68.0,Thursday,False,8.566666666666666,
2023-10-20,9026.0,7191.0,411.0,250.0,Friday,False,10.183333333333334,
2023-10-21,9738.0,7413.0,175.0,251.0,Saturday,True,8.483333333333333,
2023-10-22,2005.0,1372.0,217.0,47.0,Sunday,True,9.0,
2023-10-23,952.0,651.0,117.0,28.0,Monday,False,9.066666666666666,
2023-10-24,2523.0,1735.0,166.0,60.0,Tuesday,False,8.55,
2023-10-25,5044.0,3809.0,201.0,130.0,Wednesday,False,10.016666666666667,
2023-10-26,2728.0,2000.0,236.0,76.0,Thursday,False,9.416666666666666,
2023-10-27,6069.0,4542.0,201.0,159.0,Friday,False,8.166666666666666,
2023-10-28,4554.0,3578.0,277.0,122.0,Saturday,True,8.55,
2023-10-29,,,,,,,10.3,
2023-12-09,17306.0,13027.0,254.0,441.0,Saturday,True,,
2023-12-10,1544.0,1075.0,154.0,40.0,Sunday,True,8.333333333333334,
2023-12-11,1132.0,790.0,63.0,29.0,Monday,False,,
2023-12-12,12465.0,9506.0,135.0,320.0,Tuesday,False,10.816666666666666,
2023-12-13,1537.0,1052.0,180.0,41.0,Wednesday,False,8.916666666666666,
2023-12-14,2788.0,1937.0,102.0,67.0,Thursday,False,9.233333333333333,75.0
2023-12-15,11974.0,9437.0,260.0,318.0,Friday,False,8.25,
2023-12-16,4745.0,3590.0,226.0,126.0,Saturday,True,8.383333333333333,
2023-12-17,10814.0,7698.0,330.0,268.0,Sunday,True,,
2023-12-18,1097.0,763.0,177.0,33.0,Monday,False,8.966666666666667,
2023-12-19,6399.0,4696.0,88.0,161.0,Tuesday,False,8.266666666666667,
2023-12-20,1041.0,712.0,79.0,23.0,Wednesday,False,9.266666666666667,
2023-12-21,2002.0,1376.0,220.0,53.0,Thursday,False,8.283333333333333,
2023-12-22,6890.0,5445.0,147.0,187.0,Friday,False,,
2023-12-23,9562.0,7261.0,370.0,248.0,Saturday,True,9.783333333333333,
2023-12-24,28140.0,21598.0,139.0,734.0,Sunday,True,10.233333333333333,
2023-12-25,5490.0,4079.0,208.0,144.0,Monday,False,9.05,
2023-12-26,955.0,667.0,138.0,24.0,Tuesday,False,8.666666666666666,
2023-12-27,4228.0,3110.0,298.0,109.0,Wednesday,False,8.366666666666667,
2023-12-28,1257.0,860.0,169.0,35.0,Thursday,False,9.033333333333333,
2023-12-29,8377.0,6153.0,310.0,211.0,Friday,False,8.166666666666666,78.0
2023-12-30,5697.0,4224.0,263.0,147.0,Saturday,True,9.2,
2023-12-31,12031.0,9209.0,320.0,314.0,Sunday,True,8.066666666666666,
2024-01-01,2801.0,1940.0,329.0,70.0,Monday,False,,
2024-01-11,691.0,473.0,98.0,21.0,Thursday,False,7.733333333333333,
2024-01-12,7402.0,5694.0,211.0,193.0,Friday,False,8.883333333333333,
2024-01-13,6966.0,5166.0,151.0,175.0,Saturday,True,7.983333333333333,
2024-01-14,1336.0,935.0,199.0,33.0,Sunday,True,9.233333333333333,
2024-01-15,1241.0,849.0,84.0,28.0,Monday,False,8.35,95.5
2024-01-16,789.0,543.0,100.0,20.0,Tuesday,False,8.566666666666666,
2024-01-17,1217.0,833.0,146.0,31.0,Wednesday,False,9.6,108.0
2024-01-18,1102.0,754.0,93.0,28.0,Thursday,False,8.283333333333333,
2024-01-19,1848.0,1297.0,143.0,44.0,Friday,False,8.183333333333334,
2024-01-20,8779.0,6569.0,324.0,223.0,Saturday,True,10.266666666666667,103.47222222222223
2024-01-21,15641.0,11347.0,155.0,378.0,Sunday,True,11.05,
2024-01-22,5377.0,3908.0,228.0,133.0,Monday,False,9.466666666666667,86.0
2024-01-23,1043.0,714.0,151.0,28.0,Tuesday,False,9.066666666666666,
2024-01-24,2014.0,1378.0,229.0,45.0,Wednesday,False,11.083333333333334,
2024-01-25,3085.0,2191.0,160.0,76.0,Thursday,False,8.95,
2024-01-26,12144.0,9230.0,362.0,311.0,Friday,False,5.016666666666667,
2024-01-27,4810.0,3528.0,252.0,123.0,Saturday,True,7.733333333333333,
2024-01-28,9972.0,7673.0,329.0,260.0,Sunday,True,7.466666666666667,81.0
2024-01-29,6206.0,5022.0,172.0,176.0,Monday,False,10.583333333333334,
2024-01-30,1087.0,744.0,113.0,28.0,Tuesday,False,9.45,
2024-01-31,3433.0,2599.0,140.0,87.0,Wednesday,False,9.483333333333333,
2024-02-01,2045.0,1410.0,198.0,51.0,Thursday,False,9.2,
2024-02-02,,,,,,,8.65,
2024-02-08,2128.0,1458.0,221.0,49.0,Thursday,False,8.683333333333334,
2024-02-09,3769.0,2870.0,206.0,101.0,Friday,False,9.416666666666666,
2024-02-10,12970.0,9825.0,223.0,333.0,Saturday,True,9.7,
2024-02-11,11303.0,8356.0,243.0,280.0,Sunday,True,8.9,
2024-02-12,4874.0,3695.0,144.0,124.0,Monday,False,8.183333333333334,
2024-02-13,9577.0,7619.0,236.0,268.0,Tuesday,False,8.416666666666666,
2024-02-14,4651.0,3595.0,227.0,127.0,Wednesday,False,7.85,
2024-02-15,2619.0,1795.0,172.0,53.0,Thursday,False,10.333333333333334,
2024-02-16,3671.0,2837.0,188.0,97.0,Friday,False,8.4,81.0
2024-02-17,3454.0,2378.0,220.0,80.0,Saturday,True,9.566666666666666,
2024-02-18,7085.0,5376.0,264.0,185.0,Sunday,True,8.8,
2024-02-19,3762.0,2650.0,261.0,82.0,Monday,False,9.383333333333333,
2024-02-20,1369.0,937.0,153.0,35.0,Tuesday,False,8.416666666666666,
2024-02-21,4459.0,3339.0,155.0,114.0,Wednesday,False,9.116666666666667,
2024-02-22,2926.0,2026.0,229.0,66.0,Thursday,False,8.366666666666667,81.0
2024-02-23,4100.0,3132.0,204.0,111.0,Friday,False,7.566666666666666,
2024-02-24,15881.0,12713.0,428.0,441.0,Saturday,True,,
2024-02-25,6526.0,5011.0,201.0,174.0,Sunday,True,,
2024-02-26,772.0,528.0,99.0,18.0,Monday,False,8.233333333333333,
2024-02-27,953.0,652.0,106.0,23.0,Tuesday,False,8.383333333333333,93.4
2024-02-28,2609.0,1787.0,76.0,54.0,Wednesday,False,9.216666666666667,91.4
2024-02-29,2681.0,1952.0,141.0,66.0,Thursday,False,9.616666666666667,
2024-03-01,1950.0,1351.0,65.0,47.0,Friday,False,9.366666666666667,
2024-03-02,15711.0,12035.0,292.0,408.0,Saturday,True,8.633333333333333,80.0
2024-03-03,8175.0,6070.0,159.0,213.0,Sunday,True,10.266666666666667,
2024-03-04,2286.0,1570.0,173.0,48.0,Monday,False,9.533333333333333,
2024-03-05,1712.0,1201.0,128.0,43.0,Tuesday,False,8.683333333333334,
2024-03-06,931.0,637.0,62.0,22.0,Wednesday,False,8.8,106.0
2024-03-07,4654.0,3458.0,272.0,122.0,Thursday,False,8.166666666666666,
2024-03-08,12379.0,9641.0,260.0,330.0,Friday,False,9.866666666666667,
2024-03-09,19212.0,15446.0,516.0,526.0,Saturday,True,,77.0
2024-03-10,5720.0,4318.0,252.0,151.0,Sunday,True,11.116666666666667,
2024-03-11,9624.0,7456.0,225.0,256.0,Monday,False,9.533333333333333,
2024-03-12,5161.0,4004.0,442.0,138.0,Tuesday,False,8.266666666666667,
2024-03-13,6047.0,4843.0,243.0,167.0,Wednesday,False,9.116666666666667,
2024-03-14,6520.0,5025.0,148.0,171.0,Thursday,False,7.75,110.0
2024-03-15,19218.0,14499.0,669.0,483.0,Friday,False,8.366666666666667,
2024-03-16,5233.0,3946.0,232.0,139.0,Saturday,True,8.383333333333333,106.0
2024-03-17,2743.0,1904.0,305.0,62.0,Sunday,True,8.116666666666667,
2024-03-18,4263.0,3264.0,71.0,113.0,Monday,False,9.283333333333333,
2024-03-19,2013.0,1387.0,180.0,48.0,Tuesday,False,8.083333333333334,
2024-03-20,4339.0,3351.0,120.0,116.0,Wednesday,False,7.933333333333334,
2024-03-21,1384.0,947.0,197.0,34.0,Thursday,False,6.9,84.5
2024-03-22,4407.0,3151.0,286.0,108.0,Friday,False,8.466666666666667,
2024-03-23,16147.0,12092.0,126.0,414.0,Saturday,True,8.45,
2024-03-24,5511.0,4126.0,211.0,133.0,Sunday,True,8.35,
2024-03-25,773.0,529.0,33.0,17.0,Monday,False,8.9,
2024-03-29,2882.0,1987.0,203.0,70.0,Friday,False,,
2024-03-30,16300.0,12078.0,145.0,408.0,Saturday,True,8.883333333333333,
2024-03-31,6063.0,4490.0,268.0,154.0,Sunday,True,10.216666666666667,95.875
2024-04-01,774.0,530.0,142.0,20.0,Monday,False,8.166666666666666,
2024-04-02,14338.0,10694.0,277.0,359.0,Tuesday,False,8.233333333333333,
2024-04-03,,,,,,,8.85,
2024-04-04,5087.0,3772.0,170.0,126.0,Thursday,False,8.533333333333333,72.5
2024-04-05,6693.0,5171.0,139.0,176.0,Friday,False,,
2024-04-06,12006.0,9321.0,419.0,323.0,Saturday,True,9.633333333333333,
2024-04-07,1135.0,777.0,139.0,29.0,Sunday,True,7.533333333333333,
2024-04-08,1175.0,804.0,201.0,35.0,Monday,False,8.416666666666666,
2024-04-09,930.0,636.0,153.0,25.0,Tuesday,False,8.666666666666666,
2024-04-10,4071.0,2829.0,159.0,96.0,Wednesday,False,6.85,
2024-04-11,1041.0,712.0,147.0,30.0,Thursday,False,7.683333333333334,
2024-04-12,4639.0,3531.0,181.0,121.0,Friday,False,8.2,
2024-04-13,7647.0,5981.0,249.0,207.0,Saturday,True,7.116666666666666,
2024-04-14,16953.0,13184.0,288.0,450.0,Sunday,True,7.816666666666666,
2024-04-15,2954.0,2223.0,157.0,79.0,Monday,False,9.5,
2024-04-16,4488.0,3564.0,244.0,128.0,Tuesday,False,10.016666666666667,
2024-04-17,1763.0,1206.0,287.0,47.0,Wednesday,False,8.9,
2024-04-18,2596.0,1803.0,194.0,66.0,Thursday,False,7.883333333333334,78.0
2024-04-19,5293.0,4002.0,263.0,136.0,Friday,False,8.866666666666667,
2024-04-20,12982.0,9930.0,583.0,342.0,Saturday,True,7.383333333333334,76.0
2024-04-21,12265.0,9405.0,246.0,317.0,Sunday,True,10.1,
2024-04-22,3639.0,2740.0,227.0,95.0,Monday,False,8.383333333333333,
2024-04-23,1556.0,1071.0,128.0,40.0,Tuesday,False,8.833333333333334,
2024-04-24,8789.0,6795.0,261.0,236.0,Wednesday,False,8.966666666666667,
2024-04-25,3464.0,2416.0,185.0,83.0,Thursday,False,9.233333333333333,
2024-04-26,3483.0,2401.0,180.0,82.0,Friday,False,8.866666666666667,
2024-04-27,17795.0,13802.0,359.0,472.0,Saturday,True,9.883333333333333,
2024-04-28,6788.0,4719.0,405.0,155.0,Sunday,True,11.0,
2024-04-29,6142.0,4802.0,269.0,166.0,Monday,False,7.2,
2024-04-30,9888.0,7407.0,286.0,250.0,Tuesday,False,10.283333333333333,
2024-05-01,10577.0,8040.0,212.0,277.0,Wednesday,False,8.7,
2024-05-02,3475.0,2421.0,137.0,81.0,Thursday,False,8.516666666666667,
2024-05-03,6443.0,4717.0,222.0,158.0,Friday,False,9.783333333333333,
2024-05-04,8544.0,6188.0,500.0,210.0,Saturday,True,,
2024-05-05,14165.0,10885.0,258.0,370.0,Sunday,True,9.7,
2024-05-06,16502.0,12456.0,525.0,415.0,Monday,False,8.616666666666667,
2024-05-07,7073.0,5605.0,142.0,190.0,Tuesday,False,8.683333333333334,
2024-05-08,9175.0,6846.0,448.0,239.0,Wednesday,False,3.683333333333333,
2024-05-09,15153.0,11437.0,425.0,396.0,Thursday,False,,
2024-07-05,9062.0,6823.0,212.0,230.0,Friday,False,,
2024-07-06,12319.0,9248.0,380.0,313.0,Saturday,True,9.45,
2024-07-07,6971.0,5224.0,213.0,186.0,Sunday,True,9.466666666666667,
2024-07-08,9221.0,6974.0,605.0,241.0,Monday,False,9.4,
2024-07-09,6249.0,4654.0,431.0,158.0,Tuesday,False,8.483333333333333,
2024-07-10,9503.0,7151.0,425.0,240.0,Wednesday,False,10.116666666666667,77.0
2024-07-11,13968.0,10841.0,535.0,380.0,Thursday,False,9.983333333333333,
2024-07-12,7722.0,5706.0,206.0,191.0,Friday,False,8.783333333333333,68.0
2024-07-13,18597.0,14419.0,559.0,491.0,Saturday,True,5.966666666666667,82.4
2024-07-14,14899.0,11277.0,628.0,386.0,Sunday,True,9.033333333333333,
2024-07-15,10414.0,7816.0,475.0,270.0,Monday,False,8.533333333333333,
2024-07-16,10602.0,7944.0,288.0,266.0,Tuesday,False,7.7,
2024-07-17,3819.0,2613.0,285.0,91.0,Wednesday,False,7.8,
2024-07-18,29080.0,22227.0,596.0,768.0,Thursday,False,6.083333333333333,
2024-07-19,21370.0,16261.0,506.0,556.0,Friday,False,4.05,
2024-07-20,10401.0,7846.0,562.0,266.0,Saturday,True,8.333333333333334,
2024-07-21,7950.0,6078.0,301.0,207.0,Sunday,True,4.4,
2024-07-22,976.0,668.0,71.0,24.0,Monday,False,9.75,114.6
2024-07-23,1720.0,1188.0,108.0,44.0,Tuesday,False,6.433333333333334,
2024-07-24,2236.0,1530.0,181.0,52.0,Wednesday,False,9.783333333333333,
2024-07-25,4780.0,3731.0,229.0,137.0,Thursday,False,8.783333333333333,
2024-07-26,2633.0,1833.0,253.0,63.0,Friday,False,11.45,
2024-07-27,5367.0,4120.0,141.0,144.0,Saturday,True,9.733333333333333,
2024-07-28,7600.0,5740.0,218.0,194.0,Sunday,True,8.416666666666666,95.78947368421052
2024-07-29,9464.0,7205.0,386.0,248.0,Monday,False,7.983333333333333,
2024-07-30,7806.0,6194.0,269.0,221.0,Tuesday,False,8.766666666666667,
2024-07-31,1218.0,833.0,149.0,35.0,Wednesday,False,9.533333333333333,
2024-08-01,4968.0,3713.0,294.0,125.0,Thursday,False,8.15,
2024-08-02,5554.0,4179.0,165.0,141.0,Friday,False,,
2024-08-03,14279.0,10683.0,369.0,354.0,Saturday,True,8.75,
2024-08-04,6590.0,4659.0,449.0,160.0,Sunday,True,5.2,
2024-08-05,968.0,662.0,159.0,27.0,Monday,False,8.433333333333334,76.0
2024-08-06,4364.0,3274.0,237.0,116.0,Tuesday,False,8.933333333333334,
2024-08-07,4986.0,3872.0,233.0,139.0,Wednesday,False,9.333333333333334,
2024-08-08,6667.0,4905.0,418.0,171.0,Thursday,False,8.266666666666667,
2024-08-09,6809.0,5248.0,183.0,185.0,Friday,False,8.583333333333334,
2024-08-10,17325.0,13207.0,415.0,443.0,Saturday,True,8.3,98.72627529210601
2024-08-11,17744.0,13603.0,300.0,457.0,Sunday,True,7.7,
2024-08-12,20730.0,15882.0,563.0,535.0,Monday,False,7.333333333333333,
2024-08-13,14208.0,10807.0,459.0,373.0,Tuesday,False,7.95,
2024-08-14,7099.0,5453.0,206.0,187.0,Wednesday,False,9.683333333333334,
2024-08-15,5876.0,4360.0,259.0,152.0,Thursday,False,9.316666666666666,74.0
2024-08-16,11896.0,8989.0,309.0,304.0,Friday,False,7.633333333333334,
2024-08-17,19823.0,15346.0,584.0,512.0,Saturday,True,9.633333333333333,
2024-08-18,13599.0,10496.0,238.0,352.0,Sunday,True,8.966666666666667,81.0
2024-08-19,3220.0,2405.0,343.0,87.0,Monday,False,9.366666666666667,
2024-08-20,11489.0,8792.0,491.0,301.0,Tuesday,False,8.483333333333333,
2024-08-21,4577.0,3530.0,159.0,124.0,Wednesday,False,9.866666666666667,
2024-08-22,5582.0,4178.0,328.0,140.0,Thursday,False,8.433333333333334,
2024-08-23,5441.0,4145.0,198.0,145.0,Friday,False,9.15,
2024-08-24,13527.0,10318.0,525.0,347.0,Saturday,True,8.133333333333333,
2024-08-25,8935.0,6745.0,830.0,229.0,Sunday,True,,
2024-08-26,9051.0,7010.0,422.0,243.0,Monday,False,9.25,
2024-08-27,6235.0,4717.0,215.0,153.0,Tuesday,False,7.55,
2024-08-28,1329.0,909.0,196.0,35.0,Wednesday,False,9.433333333333334,
2024-08-29,6165.0,4568.0,291.0,159.0,Thursday,False,9.55,
2024-08-30,10700.0,8381.0,319.0,296.0,Friday,False,7.166666666666667,70.0
2024-08-31,9952.0,7371.0,555.0,255.0,Saturday,True,4.766666666666667,
2024-09-01,10338.0,7796.0,781.0,269.0,Sunday,True,10.95,
2024-09-02,6055.0,4809.0,261.0,176.0,Monday,False,9.066666666666666,106.0
2024-09-03,4884.0,3609.0,204.0,124.0,Tuesday,False,8.666666666666666,76.38053097345133
2024-09-04,4311.0,3297.0,153.0,116.0,Wednesday,False,9.416666666666666,
2024-09-05,12191.0,9401.0,326.0,330.0,Thursday,False,7.633333333333334,
2024-09-06,928.0,635.0,113.0,25.0,Friday,False,9.283333333333333,
2024-09-07,14730.0,11525.0,451.0,403.0,Saturday,True,9.05,
2024-09-08,8257.0,6310.0,279.0,215.0,Sunday,True,8.666666666666666,
2024-09-09,12278.0,9539.0,389.0,334.0,Monday,False,6.6,79.0
2024-09-10,5914.0,4361.0,281.0,153.0,Tuesday,False,8.766666666666667,
2024-09-11,6537.0,5301.0,270.0,187.0,Wednesday,False,8.516666666666667,
2024-09-12,4482.0,3364.0,144.0,120.0,Thursday,False,8.783333333333333,
2024-09-13,7619.0,6012.0,290.0,212.0,Friday,False,7.666666666666667,
2024-09-14,14011.0,10841.0,529.0,377.0,Saturday,True,8.5,
2024-09-15,4122.0,3005.0,114.0,105.0,Sunday,True,8.316666666666666,
2024-09-16,3551.0,2544.0,177.0,86.0,Monday,False,8.583333333333334,78.0
2024-09-17,5655.0,4257.0,276.0,143.0,Tuesday,False,9.1,
2024-09-18,4337.0,3264.0,224.0,116.0,Wednesday,False,9.166666666666666,
2024-09-19,7321.0,5567.0,328.0,195.0,Thursday,False,8.366666666666667,86.0
2024-09-20,16896.0,13298.0,304.0,458.0,Friday,False,9.1,
2024-09-21,14994.0,11371.0,672.0,389.0,Saturday,True,6.633333333333334,
2024-09-22,15256.0,11471.0,105.0,387.0,Sunday,True,10.0,75.0
2024-09-23,6657.0,5328.0,258.0,188.0,Monday,False,7.166666666666667,76.875
2024-09-24,10728.0,8248.0,435.0,284.0,Tuesday,False,7.516666666666667,60.34520253716817
2024-09-25,9010.0,6845.0,286.0,236.0,Wednesday,False,6.383333333333334,
2024-09-26,10921.0,8398.0,377.0,294.0,Thursday,False,8.766666666666667,
2024-09-27,2086.0,1506.0,155.0,55.0,Friday,False,8.516666666666667,71.0
2024-09-28,,,,,,,8.65,
2024-12-10,5041.0,3701.0,149.0,127.0,Tuesday,False,,
2024-12-11,1747.0,1213.0,125.0,47.0,Wednesday,False,9.933333333333334,
2024-12-12,5106.0,3824.0,435.0,138.0,Thursday,False,8.9,68.0
2024-12-13,4892.0,3547.0,324.0,121.0,Friday,False,9.816666666666666,
2024-12-14,11544.0,8552.0,347.0,281.0,Saturday,True,8.833333333333334,
2024-12-15,3325.0,2410.0,216.0,89.0,Sunday,True,9.866666666666667,78.75
2024-12-16,6921.0,5143.0,344.0,180.0,Monday,False,9.2,
2024-12-17,6997.0,5229.0,424.0,180.0,Tuesday,False,10.833333333333334,114.0
2024-12-18,8198.0,6081.0,466.0,203.0,Wednesday,False,9.666666666666666,
2024-12-19,3155.0,2178.0,380.0,82.0,Thursday,False,6.466666666666667,
2024-12-20,14592.0,11107.0,450.0,377.0,Friday,False,9.583333333333334,
2024-12-21,7930.0,5996.0,418.0,207.0,Saturday,True,4.533333333333333,
2024-12-22,1701.0,1164.0,205.0,44.0,Sunday,True,6.65,
2024-12-23,6332.0,4808.0,161.0,165.0,Monday,False,10.35,
2024-12-24,2028.0,1388.0,219.0,45.0,Tuesday,False,8.55,
2024-12-25,7133.0,5147.0,389.0,178.0,Wednesday,False,7.0,
2024-12-26,2893.0,2011.0,303.0,76.0,Thursday,False,,78.5
2024-12-27,4048.0,2908.0,402.0,107.0,Friday,False,7.333333333333333,
2024-12-28,8471.0,6355.0,530.0,215.0,Saturday,True,12.383333333333333,75.0
2024-12-29,811.0,555.0,102.0,23.0,Sunday,True,10.183333333333334,
2024-12-30,1148.0,785.0,139.0,29.0,Monday,False,10.9,
2024-12-31,5845.0,4277.0,439.0,150.0,Tuesday,False,12.466666666666667,
2025-01-01,9365.0,7144.0,105.0,242.0,Wednesday,False,8.666666666666666,78.0
2025-01-02,2034.0,1440.0,238.0,50.0,Thursday,False,9.066666666666666,
2025-01-03,4317.0,3313.0,136.0,113.0,Friday,False,12.133333333333333,
2025-01-04,9173.0,6868.0,287.0,229.0,Saturday,True,8.133333333333333,90.0
2025-01-05,4227.0,3227.0,192.0,114.0,Sunday,True,10.85,
2025-01-06,5114.0,3962.0,248.0,135.0,Monday,False,9.183333333333334,
2025-01-07,2160.0,1569.0,113.0,56.0,Tuesday,False,10.35,
2025-01-08,5980.0,4528.0,226.0,147.0,Wednesday,False,8.733333333333333,
2025-01-09,5236.0,4014.0,307.0,143.0,Thursday,False,9.016666666666667,
2025-01-10,703.0,481.0,76.0,17.0,Friday,False,,
2025-01-11,6504.0,4767.0,371.0,163.0,Saturday,True,9.033333333333333,80.5
2025-01-12,2219.0,1592.0,185.0,56.0,Sunday,True,10.15,
2025-01-13,1900.0,1344.0,120.0,49.0,Monday,False,8.7,
2025-01-14,6354.0,4695.0,226.0,154.0,Tuesday,False,9.983333333333333,
2025-01-15,5642.0,4283.0,135.0,141.0,Wednesday,False,7.533333333333333,
2025-01-16,6597.0,4961.0,299.0,163.0,Thursday,False,11.116666666666667,
2025-01-17,3944.0,3096.0,128.0,108.0,Friday,False,9.383333333333333,89.6
2025-01-18,6479.0,4615.0,383.0,164.0,Saturday,True,6.8,
2025-01-19,6463.0,4466.0,398.0,155.0,Sunday,True,4.766666666666667,
2025-01-20,7981.0,5503.0,596.0,195.0,Monday,False,9.833333333333334,
2025-01-21,9592.0,6677.0,533.0,221.0,Tuesday,False,6.7,70.02173913043478
2025-01-22,13322.0,9718.0,551.0,319.0,Wednesday,False,7.366666666666666,87.77272727272727
2025-01-23,7070.0,4880.0,465.0,157.0,Thursday,False,7.066666666666666,102.0
2025-01-24,7465.0,5138.0,507.0,166.0,Friday,False,6.433333333333334,
2025-01-25,3233.0,2243.0,313.0,80.0,Saturday,True,6.433333333333334,
2025-01-26,8252.0,6367.0,355.0,215.0,Sunday,True,9.833333333333334,
2025-01-27,5275.0,4054.0,230.0,141.0,Monday,False,8.183333333333334,
2025-01-28,6695.0,4866.0,404.0,165.0,Tuesday,False,9.116666666666667,86.51685393258427
2025-01-29,3101.0,2366.0,108.0,80.0,Wednesday,False,8.416666666666666,
2025-01-30,10644.0,7974.0,489.0,264.0,Thursday,False,9.05,
2025-01-31,2331.0,1633.0,182.0,60.0,Friday,False,7.166666666666667,
2025-02-01,6070.0,4573.0,177.0,152.0,Saturday,True,9.05,
2025-02-02,5474.0,4100.0,93.0,137.0,Sunday,True,10.083333333333334,
2025-02-03,4200.0,3178.0,212.0,109.0,Monday,False,8.916666666666666,73.56201550387597
2025-02-04,4279.0,3302.0,169.0,120.0,Tuesday,False,8.7,65.70930232558139
2025-02-05,1618.0,1107.0,78.0,35.0,Wednesday,False,9.033333333333333,
2025-02-06,6174.0,4667.0,365.0,161.0,Thursday,False,8.016666666666667,87.5
2025-02-07,1454.0,995.0,137.0,34.0,Friday,False,9.65,
2025-02-08,5250.0,3953.0,289.0,134.0,Saturday,True,11.45,
2025-02-09,9547.0,7698.0,246.0,266.0,Sunday,True,9.766666666666667,
2025-02-10,1055.0,722.0,118.0,29.0,Monday,False,9.566666666666666,
2025-02-11,6003.0,4553.0,277.0,156.0,Tuesday,False,9.7,
2025-02-12,955.0,653.0,180.0,29.0,Wednesday,False,8.95,
2025-02-13,5492.0,4079.0,251.0,138.0,Thursday,False,10.533333333333333,75.0
2025-02-14,3667.0,2701.0,153.0,95.0,Friday,False,8.25,
2025-02-15,9712.0,7268.0,442.0,254.0,Saturday,True,7.9,85.29792219274978
2025-02-16,9187.0,7564.0,238.0,265.0,Sunday,True,8.716666666666667,
2025-02-22,3926.0,2816.0,166.0,94.0,Saturday,True,,
2025-02-23,7914.0,6149.0,357.0,215.0,Sunday,True,9.416666666666666,
2025-02-24,4990.0,3862.0,311.0,136.0,Monday,False,7.766666666666667,
2025-02-25,5260.0,3853.0,208.0,126.0,Tuesday,False,9.233333333333333,
2025-02-27,4519.0,3304.0,178.0,109.0,Thursday,False,9.733333333333333,
2025-02-28,5447.0,3977.0,328.0,140.0,Friday,False,8.55,
2025-03-01,4285.0,2986.0,549.0,111.0,Saturday,True,8.216666666666667,
2025-03-02,7465.0,5833.0,377.0,197.0,Sunday,True,9.483333333333333,
2025-03-03,873.0,597.0,145.0,26.0,Monday,False,9.3,85.0
2025-03-04,10183.0,7722.0,425.0,258.0,Tuesday,False,9.166666666666666,
2025-03-05,1313.0,927.0,160.0,34.0,Wednesday,False,9.316666666666666,
2025-03-06,5892.0,4292.0,220.0,147.0,Thursday,False,9.316666666666666,
2025-03-07,6150.0,4608.0,203.0,157.0,Friday,False,9.133333333333333,
2025-03-08,10667.0,8518.0,303.0,296.0,Saturday,True,9.233333333333333,
2025-03-09,5634.0,4022.0,549.0,138.0,Sunday,True,9.883333333333333,
2025-03-10,3144.0,2259.0,128.0,73.0,Monday,False,9.366666666666667,
2025-03-11,5449.0,4185.0,259.0,142.0,Tuesday,False,9.266666666666667,
2025-03-12,6059.0,4729.0,192.0,165.0,Wednesday,False,8.5,
2025-03-13,5631.0,4114.0,416.0,141.0,Thursday,False,8.9,
2025-03-14,6958.0,5495.0,187.0,190.0,Friday,False,8.533333333333333,
2025-03-15,12874.0,9972.0,352.0,343.0,Saturday,True,9.0,
2025-03-16,6564.0,4771.0,262.0,158.0,Sunday,True,8.333333333333334,
2025-03-17,1300.0,889.0,51.0,31.0,Monday,False,8.816666666666666,
2025-03-18,8820.0,6450.0,345.0,216.0,Tuesday,False,9.533333333333333,
2025-03-19,3341.0,2437.0,360.0,84.0,Wednesday,False,7.8,75.75
2025-03-20,6811.0,5059.0,250.0,163.0,Thursday,False,10.15,
2025-03-21,6080.0,4542.0,301.0,158.0,Friday,False,10.633333333333333,
2025-03-22,6561.0,4622.0,457.0,154.0,Saturday,True,5.483333333333333,
2025-03-23,4142.0,3076.0,230.0,107.0,Sunday,True,9.05,
2025-03-24,1101.0,753.0,192.0,30.0,Monday,False,9.933333333333334,90.9090909090909
2025-03-25,6313.0,4551.0,299.0,154.0,Tuesday,False,,86.0
2025-03-26,1754.0,1200.0,256.0,48.0,Wednesday,False,9.116666666666667,83.0
2025-03-27,5001.0,3530.0,476.0,125.0,Thursday,False,5.166666666666667,
2025-03-28,7187.0,5165.0,183.0,171.0,Friday,False,9.733333333333333,
2025-03-29,4779.0,3440.0,317.0,121.0,Saturday,True,3.6166666666666667,
2025-03-30,3442.0,2439.0,460.0,94.0,Sunday,True,12.283333333333333,
2025-03-31,3651.0,2748.0,224.0,95.0,Monday,False,9.483333333333333,
2025-04-01,6662.0,5136.0,161.0,174.0,Tuesday,False,8.016666666666667,
2025-04-02,4003.0,3210.0,87.0,112.0,Wednesday,False,8.483333333333333,
2025-04-03,877.0,600.0,52.0,24.0,Thursday,False,10.0,
2025-04-04,3207.0,2336.0,156.0,79.0,Friday,False,10.933333333333334,
2025-04-05,13014.0,9821.0,471.0,333.0,Saturday,True,10.633333333333333,77.4
2025-04-06,3579.0,2514.0,228.0,91.0,Sunday,True,9.733333333333333,
2025-04-07,725.0,496.0,91.0,21.0,Monday,False,11.633333333333333,
2025-04-08,3094.0,2411.0,85.0,85.0,Tuesday,False,7.016666666666667,
2025-04-09,3398.0,2452.0,254.0,82.0,Wednesday,False,6.583333333333333,
2025-04-10,4670.0,3475.0,172.0,121.0,Thursday,False,10.15,
2025-04-11,,,,,,,5.933333333333334,
2025-04-24,3885.0,2941.0,174.0,102.0,Thursday,False,,
2025-04-25,4765.0,3557.0,165.0,120.0,Friday,False,8.066666666666666,75.0
2025-04-26,5648.0,4006.0,399.0,139.0,Saturday,True,8.566666666666666,
2025-04-27,6677.0,5000.0,199.0,170.0,Sunday,True,9.3,
2025-04-28,526.0,360.0,63.0,16.0,Monday,False,9.516666666666667,
2025-04-29,4907.0,3746.0,302.0,135.0,Tuesday,False,12.2,
2025-04-30,5258.0,4180.0,223.0,156.0,Wednesday,False,8.7,
2025-05-01,4378.0,3274.0,262.0,113.0,Thursday,False,8.583333333333334,
2025-05-02,633.0,433.0,97.0,19.0,Friday,False,8.05,
2025-05-03,7967.0,5847.0,568.0,199.0,Saturday,True,10.416666666666666,
2025-05-04,3046.0,2386.0,83.0,83.0,Sunday,True,8.616666666666667,
2025-05-05,908.0,621.0,120.0,24.0,Monday,False,10.616666666666667,
2025-05-06,5176.0,3937.0,363.0,134.0,Tuesday,False,8.183333333333334,
2025-05-07,606.0,433.0,143.0,18.0,Wednesday,False,7.766666666666667,
2025-05-08,13046.0,10046.0,469.0,341.0,Thursday,False,9.233333333333333,
2025-05-10,4499.0,3345.0,345.0,126.0,Saturday,True,11.016666666666667,
2025-05-11,2711.0,1927.0,286.0,72.0,Sunday,True,11.183333333333334,
2025-05-12,1170.0,803.0,119.0,34.0,Monday,False,8.616666666666667,
2025-05-13,4022.0,3081.0,201.0,107.0,Tuesday,False,9.85,
2025-05-14,1968.0,1392.0,145.0,47.0,Wednesday,False,6.65,94.7
2025-05-15,4889.0,3713.0,131.0,128.0,Thursday,False,9.616666666666667,
2025-05-16,542.0,371.0,89.0,19.0,Friday,False,8.083333333333334,
2025-05-17,11397.0,8672.0,385.0,297.0,Saturday,True,10.166666666666666,70.0
2025-05-18,5637.0,4260.0,255.0,151.0,Sunday,True,7.266666666666667,
2025-05-19,830.0,568.0,118.0,21.0,Monday,False,8.966666666666667,110.0
2025-05-20,4385.0,3255.0,162.0,112.0,Tuesday,False,8.916666666666666,
2025-05-21,5468.0,3924.0,210.0,135.0,Wednesday,False,8.55,
2025-05-22,4496.0,3384.0,170.0,121.0,Thursday,False,9.716666666666667,78.62745098039215
2025-05-23,1029.0,704.0,131.0,28.0,Friday,False,9.266666666666667,
2025-05-24,8489.0,6360.0,372.0,215.0,Saturday,True,8.666666666666666,
2025-05-25,9081.0,6492.0,290.0,217.0,Sunday,True,11.45,
2025-05-26,1099.0,762.0,224.0,33.0,Monday,False,8.283333333333333,
2025-05-27,6519.0,4908.0,245.0,168.0,Tuesday,False,8.716666666666667,
2025-05-28,4279.0,3132.0,312.0,113.0,Wednesday,False,8.35,
2025-05-29,14945.0,11402.0,541.0,394.0,Thursday,False,4.3,
2025-05-30,2711.0,1909.0,162.0,67.0,Friday,False,9.4,79.0
2025-06-02,5371.0,4233.0,188.0,143.0,Monday,False,,
2025-06-03,2699.0,2114.0,68.0,74.0,Tuesday,False,11.75,
2025-06-04,5201.0,3870.0,338.0,133.0,Wednesday,False,9.166666666666666,
2025-06-05,1395.0,954.0,177.0,35.0,Thursday,False,7.816666666666666,80.84615384615384
2025-06-06,5941.0,4201.0,289.0,143.0,Friday,False,9.166666666666666,70.81294964028777
2025-06-07,6646.0,4876.0,274.0,161.0,Saturday,True,9.383333333333333,75.0
2025-06-08,8669.0,6710.0,240.0,231.0,Sunday,True,9.7,
2025-06-09,5669.0,4339.0,312.0,152.0,Monday,False,8.266666666666667,
2025-06-10,6754.0,4689.0,490.0,163.0,Tuesday,False,8.65,78.0
2025-06-11,5631.0,4154.0,287.0,137.0,Wednesday,False,7.95,
2025-06-12,5425.0,4037.0,284.0,132.0,Thursday,False,8.85,
2025-06-13,4595.0,3267.0,282.0,114.0,Friday,False,5.65,
2025-06-14,8044.0,5943.0,235.0,204.0,Saturday,True,4.466666666666667,
2025-06-15,7145.0,5295.0,424.0,185.0,Sunday,True,10.716666666666667,
2025-06-16,19066.0,14186.0,564.0,476.0,Monday,False,,
2025-06-17,8628.0,6359.0,274.0,217.0,Tuesday,False,9.1,
2025-06-18,18102.0,13283.0,367.0,433.0,Wednesday,False,8.383333333333333,
2025-06-19,14769.0,10585.0,718.0,355.0,Thursday,False,7.866666666666666,
2025-06-20,15573.0,11998.0,566.0,408.0,Friday,False,,
2025-06-21,8298.0,6155.0,220.0,206.0,Saturday,True,8.266666666666667,
2025-06-22,15447.0,11801.0,528.0,405.0,Sunday,True,5.166666666666667,
2025-06-23,5130.0,3806.0,277.0,129.0,Monday,False,10.25,
2025-06-24,5214.0,3917.0,262.0,132.0,Tuesday,False,9.55,
2025-06-25,4408.0,3300.0,231.0,106.0,Wednesday,False,8.9,
2025-06-26,1531.0,1050.0,127.0,38.0,Thursday,False,10.633333333333333,
2025-06-27,5628.0,4149.0,260.0,141.0,Friday,False,9.5,
2025-06-28,7844.0,5685.0,353.0,186.0,Saturday,True,11.316666666666666,
2025-06-29,8764.0,6826.0,217.0,237.0,Sunday,True,9.85,88.57142857142857
2025-06-30,9781.0,7264.0,489.0,246.0,Monday,False,8.533333333333333,
2025-07-01,1768.0,1210.0,195.0,45.0,Tuesday,False,7.616666666666666,
2025-07-02,5579.0,4132.0,317.0,142.0,Wednesday,False,8.8,
2025-07-03,1058.0,724.0,125.0,29.0,Thursday,False,9.766666666666667,
2025-07-04,5180.0,3858.0,297.0,128.0,Friday,False,8.85,
2025-07-05,11664.0,8978.0,328.0,307.0,Saturday,True,9.416666666666666,
2025-07-06,11860.0,9013.0,558.0,301.0,Sunday,True,9.733333333333333,93.28571428571429
2025-07-07,5462.0,4120.0,174.0,146.0,Monday,False,8.3,
2025-07-08,1612.0,1109.0,152.0,40.0,Tuesday,False,8.65,97.63636363636364
2025-07-09,8065.0,6050.0,342.0,210.0,Wednesday,False,9.85,
2025-07-10,6056.0,4680.0,235.0,161.0,Thursday,False,5.55,
2025-07-11,7735.0,5622.0,377.0,188.0,Friday,False,8.766666666666667,91.57142857142857
2025-07-12,25644.0,19522.0,643.0,644.0,Saturday,True,8.433333333333334,
2025-07-13,23643.0,17535.0,568.0,591.0,Sunday,True,6.633333333333334,
2025-07-14,13131.0,9696.0,647.0,319.0,Monday,False,6.133333333333334,
2025-07-15,3951.0,2824.0,243.0,96.0,Tuesday,False,9.55,
2025-07-16,5672.0,4172.0,274.0,140.0,Wednesday,False,9.416666666666666,
2025-07-17,3732.0,2562.0,214.0,87.0,Thursday,False,9.3,
2025-07-18,4695.0,3267.0,400.0,117.0,Friday,False,4.2,
2025-07-19,14755.0,11069.0,387.0,367.0,Saturday,True,8.033333333333333,
2025-07-20,5804.0,4048.0,405.0,137.0,Sunday,True,7.233333333333333,94.0
2025-07-21,5968.0,4414.0,363.0,150.0,Monday,False,9.933333333333334,
2025-07-22,3844.0,2708.0,329.0,97.0,Tuesday,False,9.116666666666667,
2025-07-23,7803.0,5811.0,417.0,195.0,Wednesday,False,7.45,
2025-07-24,5970.0,4090.0,175.0,125.0,Thursday,False,8.516666666666667,75.0
2025-07-25,2649.0,1835.0,162.0,59.0,Friday,False,11.5,
2025-07-26,6737.0,4907.0,232.0,156.0,Saturday,True,8.866666666666667,
2025-07-27,12063.0,9008.0,449.0,297.0,Sunday,True,9.283333333333333,
2025-07-28,5844.0,4326.0,274.0,143.0,Monday,False,8.75,
2025-07-29,2031.0,1390.0,160.0,47.0,Tuesday,False,7.85,
2025-07-30,6098.0,4472.0,341.0,152.0,Wednesday,False,7.116666666666666,70.0
2025-07-31,8884.0,6626.0,340.0,225.0,Thursday,False,8.316666666666666,
2025-08-01,2166.0,1597.0,99.0,57.0,Friday,False,8.35,
2025-08-02,16533.0,12601.0,652.0,424.0,Saturday,True,8.266666666666667,
2025-08-03,4217.0,3116.0,162.0,112.0,Sunday,True,7.75,94.0
2025-08-04,2336.0,1625.0,137.0,55.0,Monday,False,8.45,
2025-08-05,7502.0,5554.0,375.0,194.0,Tuesday,False,8.35,
2025-08-06,9472.0,7322.0,301.0,245.0,Wednesday,False,8.283333333333333,
2025-08-07,7169.0,5462.0,257.0,184.0,Thursday,False,9.733333333333333,
2025-08-08,7682.0,6119.0,149.0,209.0,Friday,False,7.666666666666667,93.5
2025-08-09,23625.0,17879.0,618.0,596.0,Saturday,True,8.6,
2025-08-10,13379.0,10095.0,437.0,342.0,Sunday,True,8.0,
2025-08-11,11216.0,8429.0,426.0,267.0,Monday,False,9.1,86.33333333333333
2025-08-12,4892.0,3722.0,190.0,127.0,Tuesday,False,,
2025-08-13,1001.0,685.0,98.0,25.0,Wednesday,False,6.783333333333333,
2025-08-14,6835.0,5082.0,329.0,168.0,Thursday,False,8.533333333333333,
2025-08-15,5975.0,4231.0,171.0,141.0,Friday,False,7.533333333333333,
2025-08-16,18279.0,13817.0,537.0,460.0,Saturday,True,8.666666666666666,
2025-08-17,9636.0,6994.0,293.0,235.0,Sunday,True,9.983333333333333,
2025-08-18,1256.0,859.0,168.0,33.0,Monday,False,11.033333333333333,70.0
2025-08-19,3603.0,2550.0,274.0,89.0,Tuesday,False,7.65,
2025-08-20,5907.0,4375.0,261.0,148.0,Wednesday,False,8.016666666666667,
2025-08-21,9471.0,7338.0,330.0,251.0,Thursday,False,8.733333333333333,
2025-08-22,7399.0,5557.0,315.0,186.0,Friday,False,10.15,101.0
2025-08-23,10098.0,7519.0,231.0,246.0,Saturday,True,8.716666666666667,
2025-08-24,8982.0,6624.0,406.0,213.0,Sunday,True,7.216666666666667,113.94117647058823
2025-08-25,4882.0,3723.0,326.0,130.0,Monday,False,8.616666666666667,
2025-08-26,3976.0,2775.0,317.0,91.0,Tuesday,False,7.8,
2025-08-27,9723.0,6979.0,431.0,234.0,Wednesday,False,4.916666666666667,
2025-08-28,3130.0,2143.0,238.0,71.0,Thursday,False,11.233333333333333,
2025-08-29,,,,,,,7.6,
