date,deepSleepTime,shallowSleepTime,wakeTime,start,stop,REMTime,naps
2023-01-01,167,274,0,2023-01-01 00:22:00+0000,2023-01-01 07:43:00+0000,0,
2023-01-02,0,0,0,2023-01-02 22:00:00+0000,2023-01-02 22:00:00+0000,0,
2023-01-03,234,334,0,2023-01-02 22:29:00+0000,2023-01-03 07:57:00+0000,0,
2023-01-04,151,367,0,2023-01-03 22:47:00+0000,2023-01-04 07:25:00+0000,0,
2023-01-05,171,271,0,2023-01-05 00:33:00+0000,2023-01-05 07:55:00+0000,0,
2023-01-06,166,373,0,2023-01-05 22:53:00+0000,2023-01-06 07:52:00+0000,0,
2023-01-07,187,325,0,2023-01-06 23:28:00+0000,2023-01-07 08:00:00+0000,0,
2023-01-08,225,371,0,2023-01-07 22:09:00+0000,2023-01-08 08:05:00+0000,0,
2023-01-09,146,391,0,2023-01-08 23:17:00+0000,2023-01-09 08:14:00+0000,0,
2023-01-10,89,368,0,2023-01-09 23:56:00+0000,2023-01-10 07:33:00+0000,0,
2023-01-11,185,341,0,2023-01-10 23:02:00+0000,2023-01-11 07:48:00+0000,0,
2023-01-12,153,403,0,2023-01-11 22:09:00+0000,2023-01-12 07:25:00+0000,0,
2023-01-13,129,186,0,2023-01-12 22:50:00+0000,2023-01-13 04:05:00+0000,0,
2023-01-14,143,438,0,2023-01-13 21:53:00+0000,2023-01-14 07:34:00+0000,0,
2023-01-15,145,405,0,2023-01-14 22:09:00+0000,2023-01-15 07:19:00+0000,0,
2023-01-16,108,234,0,2023-01-15 22:28:00+0000,2023-01-16 04:10:00+0000,0,
2023-01-17,232,365,0,2023-01-16 21:10:00+0000,2023-01-17 07:07:00+0000,0,
2023-01-18,120,253,0,2023-01-18 01:38:00+0000,2023-01-18 07:51:00+0000,0,
2023-01-19,223,300,0,2023-01-18 23:09:00+0000,2023-01-19 07:52:00+0000,0,
2023-01-21,0,0,0,2023-01-21 22:00:00+0000,2023-01-21 22:00:00+0000,0,
2023-01-22,0,0,0,2023-01-22 22:00:00+0000,2023-01-22 22:00:00+0000,0,
2023-01-23,160,418,0,2023-01-22 22:30:00+0000,2023-01-23 08:08:00+0000,0,
2023-01-24,230,304,0,2023-01-23 22:51:00+0000,2023-01-24 07:45:00+0000,0,
2023-01-25,157,361,0,2023-01-24 23:12:00+0000,2023-01-25 07:50:00+0000,0,
2023-01-26,211,345,0,2023-01-25 22:53:00+0000,2023-01-26 08:09:00+0000,0,
2023-01-27,191,320,0,2023-01-26 23:04:00+0000,2023-01-27 07:35:00+0000,0,
2023-01-28,212,323,0,2023-01-27 22:54:00+0000,2023-01-28 07:49:00+0000,0,
2023-01-29,163,492,0,2023-01-28 21:08:00+0000,2023-01-29 08:03:00+0000,0,
2023-01-30,123,393,0,2023-01-29 23:02:00+0000,2023-01-30 07:38:00+0000,0,
2023-01-31,137,457,0,2023-01-30 21:51:00+0000,2023-01-31 07:45:00+0000,0,
2023-02-01,165,268,0,2023-02-01 00:11:00+0000,2023-02-01 07:24:00+0000,0,
2023-02-02,230,331,0,2023-02-01 22:20:00+0000,2023-02-02 07:41:00+0000,0,
2023-02-03,186,359,0,2023-02-02 22:35:00+0000,2023-02-03 07:40:00+0000,0,
2023-02-04,140,194,0,2023-02-03 22:28:00+0000,2023-02-04 04:02:00+0000,0,
2023-02-05,180,454,0,2023-02-04 21:22:00+0000,2023-02-05 07:56:00+0000,0,
2023-02-06,186,453,0,2023-02-05 20:38:00+0000,2023-02-06 07:17:00+0000,0,
2023-02-07,148,430,0,2023-02-06 22:13:00+0000,2023-02-07 07:51:00+0000,0,
2023-02-08,104,346,0,2023-02-07 23:45:00+0000,2023-02-08 07:15:00+0000,0,
2023-02-09,166,429,0,2023-02-08 22:01:00+0000,2023-02-09 07:56:00+0000,0,
2023-02-10,192,282,0,2023-02-09 22:29:00+0000,2023-02-10 06:23:00+0000,0,
2023-02-11,167,394,0,2023-02-10 22:52:00+0000,2023-02-11 08:13:00+0000,0,
2023-02-12,46,38,0,2023-02-11 22:16:00+0000,2023-02-11 23:40:00+0000,0,
2023-02-13,165,453,0,2023-02-12 20:27:00+0000,2023-02-13 06:45:00+0000,0,
2023-02-14,112,365,0,2023-02-13 23:38:00+0000,2023-02-14 07:35:00+0000,0,
2023-02-15,135,396,0,2023-02-14 21:37:00+0000,2023-02-15 06:28:00+0000,0,
2023-02-16,181,389,0,2023-02-15 22:19:00+0000,2023-02-16 07:49:00+0000,0,
2023-02-17,155,402,0,2023-02-16 22:07:00+0000,2023-02-17 07:24:00+0000,0,
2023-02-18,92,378,0,2023-02-17 23:53:00+0000,2023-02-18 07:43:00+0000,0,
2023-02-19,186,366,0,2023-02-18 22:34:00+0000,2023-02-19 07:46:00+0000,0,
2023-02-20,190,382,0,2023-02-19 21:38:00+0000,2023-02-20 07:10:00+0000,0,
2023-02-21,166,368,0,2023-02-20 22:08:00+0000,2023-02-21 07:02:00+0000,0,
2023-02-22,182,336,0,2023-02-21 21:46:00+0000,2023-02-22 06:24:00+0000,0,
2023-02-23,124,458,0,2023-02-22 21:45:00+0000,2023-02-23 07:27:00+0000,0,
2023-02-24,135,431,114,2023-02-23 20:29:00+0000,2023-02-24 07:49:00+0000,0,
2023-02-25,178,421,0,2023-02-24 21:56:00+0000,2023-02-25 07:55:00+0000,0,
2023-02-26,143,397,0,2023-02-25 22:18:00+0000,2023-02-26 07:18:00+0000,0,
2023-02-27,199,317,0,2023-02-26 23:21:00+0000,2023-02-27 07:57:00+0000,0,
2023-02-28,172,367,0,2023-02-27 22:37:00+0000,2023-02-28 07:36:00+0000,0,
2023-03-01,153,407,0,2023-02-28 22:26:00+0000,2023-03-01 07:46:00+0000,0,
2023-03-02,133,330,0,2023-03-01 23:31:00+0000,2023-03-02 07:14:00+0000,0,
2023-03-03,175,371,3,2023-03-02 21:53:00+0000,2023-03-03 07:02:00+0000,0,
2023-03-04,189,340,0,2023-03-03 21:42:00+0000,2023-03-04 06:31:00+0000,0,
2023-03-05,151,404,0,2023-03-04 22:13:00+0000,2023-03-05 07:28:00+0000,0,
2023-03-06,149,428,0,2023-03-05 21:23:00+0000,2023-03-06 07:00:00+0000,0,
2023-03-07,121,426,0,2023-03-06 22:31:00+0000,2023-03-07 07:38:00+0000,0,
2023-03-08,143,372,0,2023-03-07 22:04:00+0000,2023-03-08 06:39:00+0000,0,
2023-03-09,115,396,0,2023-03-08 22:26:00+0000,2023-03-09 06:57:00+0000,0,
2023-03-10,126,435,0,2023-03-09 21:51:00+0000,2023-03-10 07:12:00+0000,0,
2023-03-11,44,339,40,2023-03-10 23:55:00+0000,2023-03-11 06:58:00+0000,0,
2023-03-12,122,452,0,2023-03-11 21:17:00+0000,2023-03-12 06:51:00+0000,0,
2023-03-13,153,454,12,2023-03-12 21:18:00+0000,2023-03-13 07:37:00+0000,0,
2023-03-14,28,59,0,2023-03-13 21:13:00+0000,2023-03-13 22:40:00+0000,0,
2023-03-21,0,0,0,2023-03-21 22:00:00+0000,2023-03-21 22:00:00+0000,0,
2023-03-22,99,141,0,2023-03-21 19:05:00+0000,2023-03-21 23:05:00+0000,0,
2023-03-23,154,388,0,2023-03-22 22:09:00+0000,2023-03-23 07:11:00+0000,0,
2023-03-24,183,335,12,2023-03-23 23:00:00+0000,2023-03-24 07:50:00+0000,0,
2023-03-25,202,326,0,2023-03-24 22:01:00+0000,2023-03-25 06:49:00+0000,0,
2023-03-26,108,450,0,2023-03-25 21:58:00+0000,2023-03-26 07:16:00+0000,0,
2023-03-27,169,444,2,2023-03-26 20:37:00+0000,2023-03-27 06:52:00+0000,0,
2023-03-28,180,394,0,2023-03-27 21:17:00+0000,2023-03-28 06:51:00+0000,0,
2023-03-29,156,380,0,2023-03-28 21:39:00+0000,2023-03-29 06:35:00+0000,0,
2023-03-30,141,396,24,2023-03-29 21:03:00+0000,2023-03-30 06:24:00+0000,0,
2023-03-31,131,462,0,2023-03-30 20:38:00+0000,2023-03-31 06:31:00+0000,0,
2023-04-01,194,371,0,2023-03-31 21:13:00+0000,2023-04-01 06:38:00+0000,0,
2023-04-02,152,452,0,2023-04-01 21:00:00+0000,2023-04-02 07:04:00+0000,0,
2023-04-03,91,428,0,2023-04-02 21:20:00+0000,2023-04-03 05:59:00+0000,0,
2023-04-04,78,425,0,2023-04-03 22:13:00+0000,2023-04-04 06:36:00+0000,0,
2023-04-05,206,367,0,2023-04-04 21:12:00+0000,2023-04-05 06:45:00+0000,0,
2023-04-06,107,462,0,2023-04-05 20:41:00+0000,2023-04-06 06:10:00+0000,0,
2023-05-26,0,0,0,2023-05-26 21:00:00+0000,2023-05-26 21:00:00+0000,0,
2023-05-27,160,392,0,2023-05-26 20:57:00+0000,2023-05-27 06:09:00+0000,0,
2023-05-28,109,249,0,2023-05-28 00:41:00+0000,2023-05-28 06:39:00+0000,0,
2023-05-29,165,383,0,2023-05-28 21:19:00+0000,2023-05-29 06:27:00+0000,0,
2023-05-30,132,385,22,2023-05-29 22:07:00+0000,2023-05-30 07:06:00+0000,0,
2023-05-31,173,395,0,2023-05-30 21:25:00+0000,2023-05-31 06:53:00+0000,0,
2023-06-01,167,361,0,2023-05-31 21:54:00+0000,2023-06-01 06:42:00+0000,0,
2023-06-02,138,383,0,2023-06-01 21:58:00+0000,2023-06-02 06:39:00+0000,0,
2023-06-03,195,315,0,2023-06-02 21:17:00+0000,2023-06-03 05:47:00+0000,0,
2023-06-04,156,399,0,2023-06-03 20:59:00+0000,2023-06-04 06:14:00+0000,0,
2023-06-05,151,404,0,2023-06-04 20:28:00+0000,2023-06-05 05:43:00+0000,0,
2023-06-06,157,319,0,2023-06-05 21:34:00+0000,2023-06-06 05:30:00+0000,0,
2023-06-07,136,266,0,2023-06-06 21:24:00+0000,2023-06-07 04:06:00+0000,0,
2023-06-08,165,320,0,2023-06-07 21:16:00+0000,2023-06-08 05:21:00+0000,0,
2023-06-09,0,0,0,2023-06-09 21:00:00+0000,2023-06-09 21:00:00+0000,0,
2023-06-10,155,393,0,2023-06-09 20:45:00+0000,2023-06-10 05:53:00+0000,0,
2023-06-11,169,330,0,2023-06-10 21:35:00+0000,2023-06-11 05:54:00+0000,0,
2023-06-12,188,400,0,2023-06-11 19:52:00+0000,2023-06-12 05:40:00+0000,0,
2023-06-13,131,422,0,2023-06-12 20:36:00+0000,2023-06-13 05:49:00+0000,0,
2023-06-14,140,453,3,2023-06-13 20:47:00+0000,2023-06-14 06:43:00+0000,0,
2023-06-15,219,226,0,2023-06-14 21:41:00+0000,2023-06-15 05:06:00+0000,0,
2023-06-16,123,406,0,2023-06-15 21:16:00+0000,2023-06-16 06:05:00+0000,0,
2023-06-17,125,378,0,2023-06-16 21:22:00+0000,2023-06-17 05:45:00+0000,0,
2023-06-18,163,236,0,2023-06-17 21:51:00+0000,2023-06-18 04:30:00+0000,0,
2023-06-19,188,391,0,2023-06-18 20:36:00+0000,2023-06-19 06:15:00+0000,0,
2023-06-20,113,442,0,2023-06-19 20:44:00+0000,2023-06-20 05:59:00+0000,0,
2023-06-21,123,404,0,2023-06-20 21:17:00+0000,2023-06-21 06:04:00+0000,0,
2023-06-22,151,354,0,2023-06-21 22:01:00+0000,2023-06-22 06:26:00+0000,0,
2023-06-23,105,449,70,2023-06-22 21:44:00+0000,2023-06-23 08:08:00+0000,0,
2023-06-24,85,360,0,2023-06-24 00:30:00+0000,2023-06-24 07:55:00+0000,0,
2023-06-25,88,442,0,2023-06-24 22:44:00+0000,2023-06-25 07:34:00+0000,0,
2023-06-26,127,357,0,2023-06-25 21:53:00+0000,2023-06-26 05:57:00+0000,0,
2023-06-27,145,341,0,2023-06-26 22:25:00+0000,2023-06-27 06:31:00+0000,0,
2023-06-28,150,377,0,2023-06-27 21:20:00+0000,2023-06-28 06:07:00+0000,0,
2023-06-29,126,382,3,2023-06-28 22:36:00+0000,2023-06-29 07:07:00+0000,0,
2023-07-05,0,0,0,2023-07-05 21:00:00+0000,2023-07-05 21:00:00+0000,0,
2023-07-06,130,421,0,2023-07-05 21:25:00+0000,2023-07-06 06:36:00+0000,0,
2023-07-07,119,379,0,2023-07-06 21:51:00+0000,2023-07-07 06:09:00+0000,0,
2023-07-08,119,435,0,2023-07-07 21:32:00+0000,2023-07-08 06:46:00+0000,0,
2023-07-09,100,237,0,2023-07-08 21:34:00+0000,2023-07-09 03:11:00+0000,0,
2023-07-10,120,399,78,2023-07-09 22:06:00+0000,2023-07-10 08:03:00+0000,0,
2023-07-11,148,381,0,2023-07-10 22:16:00+0000,2023-07-11 07:05:00+0000,0,
2023-07-12,139,440,0,2023-07-11 22:06:00+0000,2023-07-12 07:45:00+0000,0,
2023-07-13,129,378,70,2023-07-12 23:02:00+0000,2023-07-13 08:39:00+0000,0,
2023-07-14,143,399,0,2023-07-13 22:19:00+0000,2023-07-14 07:21:00+0000,0,
2023-07-15,0,99,0,2023-07-14 21:16:00+0000,2023-07-14 22:55:00+0000,0,
2023-07-16,187,290,0,2023-07-15 19:30:00+0000,2023-07-16 03:27:00+0000,0,
2023-07-17,125,319,0,2023-07-16 21:37:00+0000,2023-07-17 05:01:00+0000,0,
2023-07-18,149,420,0,2023-07-17 21:42:00+0000,2023-07-18 07:11:00+0000,0,
2023-07-19,206,285,0,2023-07-18 21:08:00+0000,2023-07-19 05:19:00+0000,0,
2023-07-20,200,390,2,2023-07-19 20:26:00+0000,2023-07-20 06:18:00+0000,0,
2023-07-21,160,313,0,2023-07-20 22:22:00+0000,2023-07-21 06:15:00+0000,0,
2023-07-22,148,454,0,2023-07-21 21:26:00+0000,2023-07-22 07:28:00+0000,0,
2023-07-23,155,403,0,2023-07-22 21:39:00+0000,2023-07-23 06:57:00+0000,0,
2023-07-24,131,462,56,2023-07-23 20:05:00+0000,2023-07-24 06:54:00+0000,0,
2023-07-25,99,460,0,2023-07-24 21:15:00+0000,2023-07-25 06:34:00+0000,0,
2023-07-26,167,409,83,2023-07-25 21:56:00+0000,2023-07-26 08:55:00+0000,0,
2023-07-27,152,411,0,2023-07-26 21:13:00+0000,2023-07-27 06:36:00+0000,0,
2023-07-28,180,364,0,2023-07-27 21:13:00+0000,2023-07-28 06:17:00+0000,0,
2023-07-29,141,367,0,2023-07-28 21:55:00+0000,2023-07-29 06:23:00+0000,0,
2023-07-30,109,312,0,2023-07-29 21:51:00+0000,2023-07-30 04:52:00+0000,0,
2023-07-31,144,413,0,2023-07-30 21:22:00+0000,2023-07-31 06:39:00+0000,0,
2023-08-01,243,403,69,2023-07-31 21:14:00+0000,2023-08-01 09:09:00+0000,0,
2023-08-02,0,0,0,2023-08-02 21:00:00+0000,2023-08-02 21:00:00+0000,0,
2023-08-03,127,403,55,2023-08-02 21:55:00+0000,2023-08-03 07:40:00+0000,0,
2023-08-04,155,319,0,2023-08-03 21:38:00+0000,2023-08-04 05:32:00+0000,0,
2023-08-05,191,243,0,2023-08-04 22:40:00+0000,2023-08-05 05:54:00+0000,0,
2023-08-07,0,0,0,2023-08-07 21:00:00+0000,2023-08-07 21:00:00+0000,0,
2023-08-08,127,534,86,2023-08-07 21:09:00+0000,2023-08-08 09:36:00+0000,0,
2023-08-09,159,367,0,2023-08-08 20:44:00+0000,2023-08-09 05:30:00+0000,0,
2023-08-10,116,447,0,2023-08-09 20:24:00+0000,2023-08-10 05:47:00+0000,0,
2023-08-11,142,306,0,2023-08-10 20:55:00+0000,2023-08-11 04:23:00+0000,0,
2023-08-12,176,402,0,2023-08-11 19:39:00+0000,2023-08-12 05:17:00+0000,0,
2023-08-13,163,258,47,2023-08-12 21:29:00+0000,2023-08-13 05:17:00+0000,0,
2023-08-14,228,376,0,2023-08-13 19:22:00+0000,2023-08-14 05:26:00+0000,0,
2023-08-15,147,265,0,2023-08-14 20:10:00+0000,2023-08-15 03:02:00+0000,0,
2023-08-16,130,431,16,2023-08-15 19:58:00+0000,2023-08-16 05:35:00+0000,0,
2023-08-17,132,382,0,2023-08-16 21:52:00+0000,2023-08-17 06:26:00+0000,0,
2023-08-18,84,376,0,2023-08-17 21:29:00+0000,2023-08-18 05:09:00+0000,0,
2023-08-19,136,423,0,2023-08-18 21:07:00+0000,2023-08-19 06:26:00+0000,0,
2023-08-20,142,312,0,2023-08-19 21:32:00+0000,2023-08-20 05:06:00+0000,0,
2023-08-21,93,453,0,2023-08-20 20:17:00+0000,2023-08-21 05:23:00+0000,0,
2023-08-31,0,0,0,2023-08-31 21:00:00+0000,2023-08-31 21:00:00+0000,0,
2023-09-01,0,0,0,2023-09-01 21:00:00+0000,2023-09-01 21:00:00+0000,0,
2023-09-02,146,374,37,2023-09-01 20:38:00+0000,2023-09-02 05:55:00+0000,0,
2023-09-03,178,262,0,2023-09-02 22:08:00+0000,2023-09-03 05:28:00+0000,0,
2023-09-04,117,351,0,2023-09-03 21:56:00+0000,2023-09-04 05:44:00+0000,0,
2023-09-05,72,393,0,2023-09-04 21:53:00+0000,2023-09-05 05:38:00+0000,0,
2023-09-06,172,340,0,2023-09-05 21:51:00+0000,2023-09-06 06:23:00+0000,0,
2023-09-07,0,0,0,2023-09-07 21:00:00+0000,2023-09-07 21:00:00+0000,0,
2023-09-08,167,420,0,2023-09-07 19:45:00+0000,2023-09-08 05:32:00+0000,0,
2023-09-09,133,413,0,2023-09-08 21:07:00+0000,2023-09-09 06:13:00+0000,0,
2023-09-10,199,347,0,2023-09-09 20:57:00+0000,2023-09-10 06:03:00+0000,0,
2023-09-11,107,435,0,2023-09-10 21:02:00+0000,2023-09-11 06:04:00+0000,0,
2023-09-12,117,359,0,2023-09-11 22:35:00+0000,2023-09-12 06:31:00+0000,0,
2023-09-13,179,411,0,2023-09-12 19:58:00+0000,2023-09-13 05:48:00+0000,0,
2023-09-14,99,418,2,2023-09-13 21:40:00+0000,2023-09-14 06:19:00+0000,0,
2023-09-15,84,365,0,2023-09-14 22:46:00+0000,2023-09-15 06:15:00+0000,0,
2023-09-16,153,357,10,2023-09-15 22:20:00+0000,2023-09-16 07:00:00+0000,0,
2023-09-17,129,195,0,2023-09-16 23:59:00+0000,2023-09-17 05:23:00+0000,0,
2023-09-18,159,361,28,2023-09-17 21:20:00+0000,2023-09-18 06:28:00+0000,0,
2023-09-19,170,367,0,2023-09-18 21:21:00+0000,2023-09-19 06:18:00+0000,0,
2023-09-20,165,349,0,2023-09-19 21:55:00+0000,2023-09-20 06:29:00+0000,0,
2023-09-21,101,434,0,2023-09-20 21:43:00+0000,2023-09-21 06:38:00+0000,0,
2023-09-22,101,465,0,2023-09-21 21:43:00+0000,2023-09-22 07:09:00+0000,0,
2023-09-23,156,438,0,2023-09-22 20:22:00+0000,2023-09-23 06:16:00+0000,0,
2023-09-24,198,397,0,2023-09-23 20:51:00+0000,2023-09-24 06:46:00+0000,0,
2023-09-25,84,504,0,2023-09-24 20:48:00+0000,2023-09-25 06:36:00+0000,0,
2023-09-26,193,399,0,2023-09-25 20:28:00+0000,2023-09-26 06:20:00+0000,0,
2023-09-27,135,371,0,2023-09-26 22:08:00+0000,2023-09-27 06:34:00+0000,0,
2023-09-28,161,388,0,2023-09-27 21:19:00+0000,2023-09-28 06:28:00+0000,0,
2023-09-29,130,381,0,2023-09-28 22:01:00+0000,2023-09-29 06:32:00+0000,0,
2023-09-30,172,274,0,2023-09-29 22:17:00+0000,2023-09-30 05:43:00+0000,0,
2023-10-01,161,400,0,2023-09-30 20:10:00+0000,2023-10-01 05:31:00+0000,0,
2023-10-02,142,374,0,2023-10-01 21:48:00+0000,2023-10-02 06:24:00+0000,0,
2023-10-03,208,389,0,2023-10-02 22:05:00+0000,2023-10-03 08:02:00+0000,0,
2023-10-04,182,415,2,2023-10-03 20:33:00+0000,2023-10-04 06:32:00+0000,0,
2023-10-05,88,402,0,2023-10-04 21:51:00+0000,2023-10-05 06:01:00+0000,0,
2023-10-06,168,366,0,2023-10-05 21:43:00+0000,2023-10-06 06:37:00+0000,0,
2023-10-07,157,421,0,2023-10-06 21:25:00+0000,2023-10-07 07:03:00+0000,0,
2023-10-08,105,349,80,2023-10-07 22:40:00+0000,2023-10-08 07:34:00+0000,0,
2023-10-09,166,326,0,2023-10-08 22:46:00+0000,2023-10-09 06:58:00+0000,0,
2023-10-10,156,373,0,2023-10-09 21:37:00+0000,2023-10-10 06:26:00+0000,0,
2023-10-11,125,401,0,2023-10-10 22:15:00+0000,2023-10-11 07:01:00+0000,0,
2023-10-12,153,357,0,2023-10-11 22:14:00+0000,2023-10-12 06:44:00+0000,0,
2023-10-13,203,343,0,2023-10-12 21:41:00+0000,2023-10-13 06:47:00+0000,0,
2023-10-14,197,378,0,2023-10-13 20:59:00+0000,2023-10-14 06:34:00+0000,0,
2023-10-15,148,421,0,2023-10-14 20:39:00+0000,2023-10-15 06:08:00+0000,0,
2023-10-16,174,390,0,2023-10-15 21:41:00+0000,2023-10-16 07:05:00+0000,0,
2023-10-17,152,368,0,2023-10-16 22:06:00+0000,2023-10-17 06:46:00+0000,0,
2023-10-18,160,405,0,2023-10-17 21:00:00+0000,2023-10-18 06:25:00+0000,0,
2023-10-19,139,375,0,2023-10-18 22:26:00+0000,2023-10-19 07:00:00+0000,0,
2023-10-20,187,356,68,2023-10-19 22:26:00+0000,2023-10-20 08:37:00+0000,0,
2023-10-21,100,409,0,2023-10-20 21:53:00+0000,2023-10-21 06:22:00+0000,0,
2023-10-22,163,377,0,2023-10-21 21:59:00+0000,2023-10-22 06:59:00+0000,0,
2023-10-23,132,412,0,2023-10-22 21:54:00+0000,2023-10-23 06:58:00+0000,0,
2023-10-24,139,374,0,2023-10-23 22:04:00+0000,2023-10-24 06:37:00+0000,0,
2023-10-25,180,421,0,2023-10-24 20:58:00+0000,2023-10-25 06:59:00+0000,0,
2023-10-26,133,432,0,2023-10-25 21:23:00+0000,2023-10-26 06:48:00+0000,0,
2023-10-27,164,326,0,2023-10-26 21:54:00+0000,2023-10-27 06:04:00+0000,0,
2023-10-28,148,365,0,2023-10-27 20:31:00+0000,2023-10-28 05:04:00+0000,0,
2023-10-29,297,321,0,2023-10-28 19:24:00+0000,2023-10-29 05:42:00+0000,0,
2023-12-09,0,0,0,2023-12-09 22:00:00+0000,2023-12-09 22:00:00+0000,0,
2023-12-10,117,376,7,2023-12-10 00:39:00+0000,2023-12-10 08:59:00+0000,0,
2023-12-11,0,0,0,2023-12-11 22:00:00+0000,2023-12-11 22:00:00+0000,0,
2023-12-12,107,466,76,2023-12-11 23:02:00+0000,2023-12-12 09:51:00+0000,0,
2023-12-13,178,357,0,2023-12-12 23:22:00+0000,2023-12-13 08:17:00+0000,0,
2023-12-14,179,375,0,2023-12-13 22:47:00+0000,2023-12-14 08:01:00+0000,0,
2023-12-15,117,378,0,2023-12-14 23:06:00+0000,2023-12-15 07:21:00+0000,0,
2023-12-16,133,370,0,2023-12-15 23:52:00+0000,2023-12-16 08:15:00+0000,0,
2023-12-17,0,0,0,2023-12-17 22:00:00+0000,2023-12-17 22:00:00+0000,0,
2023-12-18,156,382,0,2023-12-17 22:51:00+0000,2023-12-18 07:49:00+0000,0,
2023-12-19,183,313,0,2023-12-19 00:09:00+0000,2023-12-19 08:25:00+0000,0,
2023-12-20,145,411,0,2023-12-19 22:25:00+0000,2023-12-20 07:41:00+0000,0,
2023-12-21,151,346,0,2023-12-20 23:50:00+0000,2023-12-21 08:07:00+0000,0,
2023-12-22,0,0,0,2023-12-22 22:00:00+0000,2023-12-22 22:00:00+0000,0,
2023-12-23,121,466,0,2023-12-22 22:12:00+0000,2023-12-23 07:59:00+0000,0,
2023-12-24,117,497,0,2023-12-23 21:51:00+0000,2023-12-24 08:05:00+0000,0,
2023-12-25,126,417,0,2023-12-24 22:32:00+0000,2023-12-25 07:35:00+0000,0,
2023-12-26,158,362,0,2023-12-25 22:40:00+0000,2023-12-26 07:20:00+0000,0,
2023-12-27,114,388,0,2023-12-26 22:22:00+0000,2023-12-27 06:44:00+0000,0,
2023-12-28,78,462,2,2023-12-27 22:10:00+0000,2023-12-28 07:12:00+0000,0,
2023-12-29,83,407,0,2023-12-28 22:19:00+0000,2023-12-29 06:29:00+0000,0,
2023-12-30,115,437,0,2023-12-29 21:43:00+0000,2023-12-30 06:55:00+0000,0,
2023-12-31,161,323,0,2023-12-30 23:27:00+0000,2023-12-31 07:31:00+0000,0,
2024-01-01,0,0,0,2024-01-01 22:00:00+0000,2024-01-01 22:00:00+0000,0,
2024-01-02,0,0,0,2024-01-02 22:00:00+0000,2024-01-02 22:00:00+0000,0,
2024-01-03,0,0,0,2024-01-03 22:00:00+0000,2024-01-03 22:00:00+0000,0,
2024-01-04,0,0,0,2024-01-04 22:00:00+0000,2024-01-04 22:00:00+0000,0,
2024-01-05,0,0,0,2024-01-05 22:00:00+0000,2024-01-05 22:00:00+0000,0,
2024-01-06,0,0,0,2024-01-06 22:00:00+0000,2024-01-06 22:00:00+0000,0,
2024-01-07,0,0,0,2024-01-07 22:00:00+0000,2024-01-07 22:00:00+0000,0,
2024-01-08,0,0,0,2024-01-08 22:00:00+0000,2024-01-08 22:00:00+0000,0,
2024-01-09,0,0,0,2024-01-09 22:00:00+0000,2024-01-09 22:00:00+0000,0,
2024-01-10,0,0,0,2024-01-10 22:00:00+0000,2024-01-10 22:00:00+0000,0,
2024-01-11,103,361,0,2024-01-10 22:59:00+0000,2024-01-11 06:43:00+0000,0,
2024-01-12,153,380,0,2024-01-11 22:59:00+0000,2024-01-12 07:52:00+0000,0,
2024-01-13,160,319,0,2024-01-12 22:45:00+0000,2024-01-13 06:44:00+0000,0,
2024-01-14,164,390,0,2024-01-13 23:24:00+0000,2024-01-14 08:38:00+0000,0,
2024-01-15,145,356,0,2024-01-14 22:46:00+0000,2024-01-15 07:07:00+0000,0,
2024-01-16,135,379,0,2024-01-15 23:14:00+0000,2024-01-16 07:48:00+0000,0,
2024-01-17,130,427,19,2024-01-16 22:35:00+0000,2024-01-17 08:11:00+0000,0,
2024-01-18,145,352,0,2024-01-17 23:32:00+0000,2024-01-18 07:49:00+0000,0,
2024-01-19,136,355,0,2024-01-18 23:44:00+0000,2024-01-19 07:55:00+0000,0,
2024-01-20,148,468,0,2024-01-19 22:40:00+0000,2024-01-20 08:56:00+0000,0,
2024-01-21,148,515,0,2024-01-20 21:40:00+0000,2024-01-21 08:43:00+0000,0,
2024-01-22,105,463,0,2024-01-21 22:33:00+0000,2024-01-22 08:01:00+0000,0,
2024-01-23,134,410,0,2024-01-22 22:48:00+0000,2024-01-23 07:52:00+0000,0,
2024-01-24,166,499,0,2024-01-23 20:53:00+0000,2024-01-24 07:58:00+0000,0,
2024-01-25,167,370,0,2024-01-24 23:00:00+0000,2024-01-25 07:57:00+0000,0,
2024-01-26,74,227,0,2024-01-25 23:26:00+0000,2024-01-26 04:27:00+0000,0,
2024-01-27,196,268,0,2024-01-26 22:55:00+0000,2024-01-27 06:39:00+0000,0,
2024-01-28,73,375,0,2024-01-27 23:23:00+0000,2024-01-28 06:51:00+0000,0,
2024-01-29,81,554,0,2024-01-28 21:02:00+0000,2024-01-29 07:37:00+0000,0,
2024-01-30,162,405,0,2024-01-29 22:28:00+0000,2024-01-30 07:55:00+0000,0,
2024-01-31,170,399,0,2024-01-30 22:37:00+0000,2024-01-31 08:06:00+0000,0,
2024-02-01,129,423,0,2024-01-31 22:12:00+0000,2024-02-01 07:24:00+0000,0,
2024-02-02,144,375,0,2024-02-01 23:08:00+0000,2024-02-02 07:47:00+0000,0,
2024-02-07,0,0,0,2024-02-07 22:00:00+0000,2024-02-07 22:00:00+0000,0,
2024-02-08,128,393,0,2024-02-07 22:47:00+0000,2024-02-08 07:28:00+0000,0,
2024-02-09,132,433,0,2024-02-08 22:43:00+0000,2024-02-09 08:08:00+0000,0,
2024-02-10,134,448,0,2024-02-09 22:29:00+0000,2024-02-10 08:11:00+0000,0,
2024-02-11,181,353,0,2024-02-10 23:40:00+0000,2024-02-11 08:34:00+0000,0,
2024-02-12,95,396,0,2024-02-11 23:43:00+0000,2024-02-12 07:54:00+0000,0,
2024-02-13,109,396,0,2024-02-12 23:28:00+0000,2024-02-13 07:53:00+0000,0,
2024-02-14,179,292,0,2024-02-13 23:11:00+0000,2024-02-14 07:02:00+0000,0,
2024-02-15,167,453,0,2024-02-14 21:48:00+0000,2024-02-15 08:08:00+0000,0,
2024-02-16,147,357,0,2024-02-15 23:02:00+0000,2024-02-16 07:26:00+0000,0,
2024-02-17,114,460,0,2024-02-16 22:24:00+0000,2024-02-17 07:58:00+0000,0,
2024-02-18,108,420,0,2024-02-17 22:37:00+0000,2024-02-18 07:25:00+0000,0,
2024-02-19,106,457,0,2024-02-18 22:25:00+0000,2024-02-19 07:48:00+0000,0,
2024-02-20,136,369,0,2024-02-19 23:20:00+0000,2024-02-20 07:45:00+0000,0,
2024-02-21,152,395,0,2024-02-20 22:22:00+0000,2024-02-21 07:29:00+0000,0,
2024-02-22,165,337,0,2024-02-21 22:54:00+0000,2024-02-22 07:16:00+0000,0,
2024-02-23,153,301,0,2024-02-23 00:17:00+0000,2024-02-23 07:51:00+0000,0,
2024-02-24,0,0,0,2024-02-24 22:00:00+0000,2024-02-24 22:00:00+0000,0,
2024-02-25,0,0,0,2024-02-25 22:00:00+0000,2024-02-25 22:00:00+0000,0,
2024-02-26,113,381,0,2024-02-25 22:59:00+0000,2024-02-26 07:13:00+0000,0,
2024-02-27,180,323,0,2024-02-26 23:15:00+0000,2024-02-27 07:38:00+0000,0,
2024-02-28,152,401,0,2024-02-27 22:17:00+0000,2024-02-28 07:30:00+0000,0,
2024-02-29,182,395,0,2024-02-28 22:12:00+0000,2024-02-29 07:49:00+0000,0,
2024-03-01,143,419,0,2024-02-29 22:04:00+0000,2024-03-01 07:26:00+0000,0,
2024-03-02,166,352,0,2024-03-01 23:36:00+0000,2024-03-02 08:14:00+0000,0,
2024-03-03,177,364,75,2024-03-02 23:49:00+0000,2024-03-03 10:05:00+0000,0,
2024-03-04,142,430,0,2024-03-03 22:04:00+0000,2024-03-04 07:36:00+0000,0,
2024-03-05,147,371,3,2024-03-04 22:42:00+0000,2024-03-05 07:23:00+0000,0,
2024-03-06,212,316,0,2024-03-05 22:42:00+0000,2024-03-06 07:30:00+0000,0,
2024-03-07,147,343,0,2024-03-06 23:18:00+0000,2024-03-07 07:28:00+0000,0,
2024-03-08,133,459,0,2024-03-07 22:41:00+0000,2024-03-08 08:33:00+0000,0,
2024-03-09,0,0,0,2024-03-09 22:00:00+0000,2024-03-09 22:00:00+0000,0,
2024-03-10,314,353,0,2024-03-09 21:01:00+0000,2024-03-10 08:08:00+0000,0,
2024-03-11,228,344,0,2024-03-10 21:30:00+0000,2024-03-11 07:02:00+0000,0,
2024-03-12,221,272,3,2024-03-11 22:09:00+0000,2024-03-12 06:25:00+0000,0,
2024-03-13,172,375,0,2024-03-12 22:02:00+0000,2024-03-13 07:09:00+0000,0,
2024-03-14,172,293,0,2024-03-13 22:31:00+0000,2024-03-14 06:16:00+0000,0,
2024-03-15,114,388,0,2024-03-14 22:11:00+0000,2024-03-15 06:33:00+0000,0,
2024-03-16,198,305,0,2024-03-15 22:58:00+0000,2024-03-16 07:21:00+0000,0,
2024-03-17,153,331,3,2024-03-16 22:47:00+0000,2024-03-17 06:54:00+0000,0,
2024-03-18,129,428,0,2024-03-17 22:20:00+0000,2024-03-18 07:37:00+0000,0,
2024-03-19,85,400,0,2024-03-18 22:30:00+0000,2024-03-19 06:35:00+0000,0,
2024-03-20,136,340,0,2024-03-19 23:26:00+0000,2024-03-20 07:22:00+0000,0,
2024-03-21,148,266,0,2024-03-20 23:46:00+0000,2024-03-21 06:40:00+0000,0,
2024-03-22,159,349,0,2024-03-21 22:21:00+0000,2024-03-22 06:49:00+0000,0,
2024-03-23,119,388,0,2024-03-22 22:15:00+0000,2024-03-23 06:42:00+0000,0,
2024-03-24,155,346,0,2024-03-23 22:27:00+0000,2024-03-24 06:48:00+0000,0,
2024-03-25,123,411,0,2024-03-24 22:10:00+0000,2024-03-25 07:04:00+0000,0,
2024-03-29,0,0,0,2024-03-29 22:00:00+0000,2024-03-29 22:00:00+0000,0,
2024-03-30,158,375,0,2024-03-29 22:46:00+0000,2024-03-30 07:39:00+0000,0,
2024-03-31,145,466,2,2024-03-30 20:47:00+0000,2024-03-31 07:00:00+0000,0,
2024-04-01,180,310,0,2024-03-31 22:34:00+0000,2024-04-01 06:44:00+0000,0,
2024-04-02,181,313,0,2024-04-01 21:51:00+0000,2024-04-02 06:05:00+0000,0,
2024-04-03,153,378,0,2024-04-02 21:25:00+0000,2024-04-03 06:16:00+0000,0,
2024-04-04,138,374,0,2024-04-03 21:55:00+0000,2024-04-04 06:27:00+0000,0,
2024-04-05,0,0,0,2024-04-05 21:00:00+0000,2024-04-05 21:00:00+0000,0,
2024-04-06,275,303,0,2024-04-05 19:16:00+0000,2024-04-06 04:54:00+0000,0,
2024-04-07,154,280,18,2024-04-06 22:07:00+0000,2024-04-07 05:39:00+0000,0,
2024-04-08,119,384,2,2024-04-07 21:27:00+0000,2024-04-08 05:52:00+0000,0,
2024-04-09,150,370,0,2024-04-08 20:42:00+0000,2024-04-09 05:22:00+0000,0,
2024-04-10,97,314,0,2024-04-09 21:43:00+0000,2024-04-10 04:34:00+0000,0,
2024-04-11,94,367,0,2024-04-10 21:01:00+0000,2024-04-11 04:42:00+0000,0,
2024-04-12,159,333,0,2024-04-11 22:02:00+0000,2024-04-12 06:14:00+0000,0,
2024-04-13,131,296,0,2024-04-12 22:35:00+0000,2024-04-13 05:42:00+0000,0,
2024-04-14,130,339,0,2024-04-13 22:14:00+0000,2024-04-14 06:03:00+0000,0,
2024-04-15,97,471,2,2024-04-14 20:15:00+0000,2024-04-15 05:45:00+0000,0,
2024-04-16,159,411,31,2024-04-15 19:15:00+0000,2024-04-16 05:16:00+0000,0,
2024-04-17,180,354,0,2024-04-16 21:04:00+0000,2024-04-17 05:58:00+0000,0,
2024-04-18,120,353,0,2024-04-17 22:17:00+0000,2024-04-18 06:10:00+0000,0,
2024-04-19,139,393,0,2024-04-18 21:04:00+0000,2024-04-19 05:56:00+0000,0,
2024-04-20,122,321,0,2024-04-19 21:10:00+0000,2024-04-20 04:33:00+0000,0,
2024-04-21,143,461,2,2024-04-20 20:53:00+0000,2024-04-21 06:59:00+0000,0,
2024-04-22,163,340,0,2024-04-21 21:21:00+0000,2024-04-22 05:44:00+0000,0,
2024-04-23,185,330,15,2024-04-22 20:55:00+0000,2024-04-23 05:45:00+0000,0,
2024-04-24,169,369,0,2024-04-23 20:47:00+0000,2024-04-24 05:45:00+0000,0,
2024-04-25,107,447,0,2024-04-24 20:42:00+0000,2024-04-25 05:56:00+0000,0,
2024-04-26,138,394,0,2024-04-25 21:14:00+0000,2024-04-26 06:06:00+0000,0,
2024-04-27,162,431,0,2024-04-26 21:05:00+0000,2024-04-27 06:58:00+0000,0,
2024-04-28,177,444,39,2024-04-27 19:58:00+0000,2024-04-28 06:58:00+0000,0,
2024-04-29,76,356,0,2024-04-28 20:57:00+0000,2024-04-29 04:09:00+0000,0,
2024-04-30,135,482,0,2024-04-29 20:04:00+0000,2024-04-30 06:21:00+0000,0,
2024-05-01,116,406,0,2024-04-30 21:41:00+0000,2024-05-01 06:23:00+0000,0,
2024-05-02,164,347,0,2024-05-01 21:07:00+0000,2024-05-02 05:38:00+0000,0,
2024-05-03,127,460,0,2024-05-02 21:18:00+0000,2024-05-03 07:05:00+0000,0,
2024-05-04,0,0,0,2024-05-04 21:00:00+0000,2024-05-04 21:00:00+0000,0,
2024-05-05,171,411,0,2024-05-04 20:56:00+0000,2024-05-05 06:38:00+0000,0,
2024-05-06,133,384,0,2024-05-05 21:11:00+0000,2024-05-06 05:48:00+0000,0,
2024-05-07,185,336,0,2024-05-06 20:55:00+0000,2024-05-07 05:36:00+0000,0,
2024-05-08,41,180,0,2024-05-07 21:41:00+0000,2024-05-08 01:22:00+0000,0,
2024-05-09,0,0,0,2024-05-09 21:00:00+0000,2024-05-09 21:00:00+0000,0,
2024-07-05,0,0,0,2024-07-05 21:00:00+0000,2024-07-05 21:00:00+0000,0,
2024-07-06,200,367,0,2024-07-05 20:37:00+0000,2024-07-06 06:04:00+0000,0,
2024-07-07,150,418,0,2024-07-06 20:37:00+0000,2024-07-07 06:05:00+0000,0,
2024-07-08,196,368,0,2024-07-07 20:33:00+0000,2024-07-08 05:57:00+0000,0,
2024-07-09,119,390,0,2024-07-08 21:16:00+0000,2024-07-09 05:45:00+0000,0,
2024-07-10,174,433,0,2024-07-09 20:19:00+0000,2024-07-10 06:26:00+0000,0,
2024-07-11,208,391,0,2024-07-10 20:22:00+0000,2024-07-11 06:21:00+0000,0,
2024-07-12,209,318,0,2024-07-11 21:01:00+0000,2024-07-12 05:48:00+0000,0,
2024-07-13,120,238,0,2024-07-12 22:02:00+0000,2024-07-13 04:00:00+0000,0,
2024-07-14,126,416,0,2024-07-13 20:59:00+0000,2024-07-14 06:01:00+0000,0,
2024-07-15,152,360,0,2024-07-14 21:09:00+0000,2024-07-15 05:41:00+0000,0,
2024-07-16,156,306,0,2024-07-15 21:36:00+0000,2024-07-16 05:18:00+0000,0,
2024-07-17,122,346,0,2024-07-16 21:35:00+0000,2024-07-17 05:23:00+0000,0,
2024-07-18,136,229,0,2024-07-17 20:41:00+0000,2024-07-18 02:46:00+0000,0,
2024-07-19,141,102,0,2024-07-18 21:40:00+0000,2024-07-19 01:43:00+0000,0,
2024-07-20,224,276,0,2024-07-19 21:26:00+0000,2024-07-20 05:46:00+0000,0,
2024-07-21,95,169,0,2024-07-20 22:02:00+0000,2024-07-21 02:26:00+0000,0,
2024-07-22,132,445,8,2024-07-21 20:04:00+0000,2024-07-22 05:49:00+0000,0,
2024-07-23,151,235,0,2024-07-22 23:08:00+0000,2024-07-23 05:34:00+0000,0,
2024-07-24,187,400,0,2024-07-23 20:15:00+0000,2024-07-24 06:02:00+0000,0,
2024-07-25,111,416,0,2024-07-24 21:09:00+0000,2024-07-25 05:56:00+0000,0,
2024-07-26,140,465,82,2024-07-25 19:14:00+0000,2024-07-26 06:41:00+0000,0,
2024-07-27,158,426,0,2024-07-26 21:20:00+0000,2024-07-27 07:04:00+0000,0,
2024-07-28,114,391,0,2024-07-27 21:47:00+0000,2024-07-28 06:12:00+0000,0,
2024-07-29,122,357,0,2024-07-28 22:18:00+0000,2024-07-29 06:17:00+0000,0,
2024-07-30,224,302,0,2024-07-29 21:28:00+0000,2024-07-30 06:14:00+0000,0,
2024-07-31,220,350,2,2024-07-30 21:13:00+0000,2024-07-31 06:45:00+0000,0,
2024-08-01,177,312,0,2024-07-31 22:21:00+0000,2024-08-01 06:30:00+0000,0,
2024-08-02,0,0,0,2024-08-02 21:00:00+0000,2024-08-02 21:00:00+0000,0,
2024-08-03,160,365,0,2024-08-02 21:07:00+0000,2024-08-03 05:52:00+0000,0,
2024-08-04,70,242,0,2024-08-03 20:54:00+0000,2024-08-04 02:06:00+0000,0,
2024-08-05,217,289,0,2024-08-04 20:52:00+0000,2024-08-05 05:18:00+0000,0,
2024-08-06,148,388,0,2024-08-05 20:21:00+0000,2024-08-06 05:17:00+0000,0,
2024-08-07,150,410,0,2024-08-06 20:28:00+0000,2024-08-07 05:48:00+0000,0,
2024-08-08,187,309,0,2024-08-07 21:41:00+0000,2024-08-08 05:57:00+0000,0,
2024-08-09,141,374,0,2024-08-08 21:14:00+0000,2024-08-09 05:49:00+0000,0,
2024-08-10,156,342,0,2024-08-09 21:07:00+0000,2024-08-10 05:25:00+0000,0,
2024-08-11,118,344,0,2024-08-10 21:38:00+0000,2024-08-11 05:20:00+0000,0,
2024-08-12,143,297,0,2024-08-11 22:43:00+0000,2024-08-12 06:03:00+0000,0,
2024-08-13,126,351,0,2024-08-12 22:24:00+0000,2024-08-13 06:21:00+0000,0,
2024-08-14,184,397,0,2024-08-13 20:29:00+0000,2024-08-14 06:10:00+0000,0,
2024-08-15,165,392,2,2024-08-14 20:54:00+0000,2024-08-15 06:13:00+0000,0,
2024-08-16,163,295,0,2024-08-15 21:23:00+0000,2024-08-16 05:01:00+0000,0,
2024-08-17,127,451,0,2024-08-16 20:32:00+0000,2024-08-17 06:10:00+0000,0,
2024-08-18,192,346,0,2024-08-17 20:31:00+0000,2024-08-18 05:29:00+0000,0,
2024-08-19,134,428,0,2024-08-18 20:35:00+0000,2024-08-19 05:57:00+0000,0,
2024-08-20,112,397,0,2024-08-19 20:29:00+0000,2024-08-20 04:58:00+0000,0,
2024-08-21,184,408,0,2024-08-20 20:41:00+0000,2024-08-21 06:33:00+0000,0,
2024-08-22,64,442,0,2024-08-21 21:29:00+0000,2024-08-22 05:55:00+0000,0,
2024-08-23,161,388,0,2024-08-22 20:36:00+0000,2024-08-23 05:45:00+0000,0,
2024-08-24,87,401,0,2024-08-23 21:52:00+0000,2024-08-24 06:00:00+0000,0,
2024-08-25,0,0,0,2024-08-25 21:00:00+0000,2024-08-25 21:00:00+0000,0,
2024-08-26,195,360,0,2024-08-25 20:36:00+0000,2024-08-26 05:51:00+0000,0,
2024-08-27,182,271,0,2024-08-26 22:47:00+0000,2024-08-27 06:20:00+0000,0,
2024-08-28,84,482,0,2024-08-27 21:10:00+0000,2024-08-28 06:36:00+0000,0,
2024-08-29,162,411,0,2024-08-28 20:41:00+0000,2024-08-29 06:14:00+0000,0,
2024-08-30,106,324,0,2024-08-29 21:20:00+0000,2024-08-30 04:30:00+0000,0,
2024-08-31,101,185,0,2024-08-30 20:47:00+0000,2024-08-31 01:33:00+0000,0,
2024-09-01,190,467,0,2024-08-31 18:36:00+0000,2024-09-01 05:33:00+0000,0,
2024-09-02,154,356,34,2024-09-01 19:20:00+0000,2024-09-02 04:24:00+0000,0,
2024-09-03,152,368,0,2024-09-02 21:09:00+0000,2024-09-03 05:49:00+0000,0,
2024-09-04,170,395,0,2024-09-03 19:48:00+0000,2024-09-04 05:13:00+0000,0,
2024-09-05,148,310,0,2024-09-04 20:52:00+0000,2024-09-05 04:30:00+0000,0,
2024-09-06,162,395,0,2024-09-05 20:24:00+0000,2024-09-06 05:41:00+0000,0,
2024-09-07,121,422,0,2024-09-06 19:39:00+0000,2024-09-07 04:42:00+0000,0,
2024-09-08,105,413,2,2024-09-07 21:05:00+0000,2024-09-08 05:45:00+0000,0,
2024-09-09,161,235,0,2024-09-08 22:01:00+0000,2024-09-09 04:37:00+0000,0,
2024-09-10,233,293,0,2024-09-09 20:00:00+0000,2024-09-10 04:46:00+0000,0,
2024-09-11,177,334,0,2024-09-10 19:51:00+0000,2024-09-11 04:22:00+0000,0,
2024-09-12,148,379,0,2024-09-11 20:17:00+0000,2024-09-12 05:04:00+0000,0,
2024-09-13,74,375,11,2024-09-12 21:59:00+0000,2024-09-13 05:39:00+0000,0,
2024-09-14,143,367,0,2024-09-13 21:12:00+0000,2024-09-14 05:42:00+0000,0,
2024-09-15,147,352,0,2024-09-14 21:26:00+0000,2024-09-15 05:45:00+0000,0,
2024-09-16,167,348,0,2024-09-15 21:30:00+0000,2024-09-16 06:05:00+0000,0,
2024-09-17,243,301,2,2024-09-16 20:53:00+0000,2024-09-17 05:59:00+0000,0,
2024-09-18,188,348,14,2024-09-17 20:47:00+0000,2024-09-18 05:57:00+0000,0,
2024-09-19,176,326,0,2024-09-18 21:38:00+0000,2024-09-19 06:00:00+0000,0,
2024-09-20,103,443,0,2024-09-19 20:33:00+0000,2024-09-20 05:39:00+0000,0,
2024-09-21,106,292,0,2024-09-20 21:58:00+0000,2024-09-21 04:36:00+0000,0,
2024-09-22,175,425,0,2024-09-21 20:15:00+0000,2024-09-22 06:15:00+0000,0,
2024-09-23,105,325,0,2024-09-22 21:22:00+0000,2024-09-23 04:32:00+0000,0,
2024-09-24,119,332,0,2024-09-23 20:55:00+0000,2024-09-24 04:26:00+0000,0,
2024-09-25,112,271,0,2024-09-24 20:17:00+0000,2024-09-25 02:40:00+0000,0,
2024-09-26,100,426,0,2024-09-25 19:44:00+0000,2024-09-26 04:30:00+0000,0,
2024-09-27,169,342,0,2024-09-26 20:21:00+0000,2024-09-27 04:52:00+0000,0,
2024-09-28,94,425,0,2024-09-27 20:22:00+0000,2024-09-28 05:01:00+0000,0,
2024-12-10,0,0,0,2024-12-10 22:00:00+0000,2024-12-10 22:00:00+0000,0,
2024-12-11,183,413,0,2024-12-10 21:20:00+0000,2024-12-11 07:16:00+0000,0,
2024-12-12,75,441,18,2024-12-11 22:32:00+0000,2024-12-12 07:26:00+0000,0,
2024-12-13,120,469,0,2024-12-12 21:10:00+0000,2024-12-13 06:59:00+0000,0,
2024-12-14,138,392,0,2024-12-13 21:54:00+0000,2024-12-14 06:44:00+0000,0,
2024-12-15,98,494,0,2024-12-14 20:46:00+0000,2024-12-15 06:38:00+0000,0,
2024-12-16,87,465,0,2024-12-15 21:45:00+0000,2024-12-16 06:57:00+0000,0,
2024-12-17,122,528,0,2024-12-16 21:08:00+0000,2024-12-17 07:58:00+0000,0,
2024-12-18,94,486,0,2024-12-17 21:48:00+0000,2024-12-18 07:28:00+0000,0,
2024-12-19,77,311,0,2024-12-18 21:39:00+0000,2024-12-19 04:07:00+0000,0,
2024-12-20,197,378,0,2024-12-19 21:39:00+0000,2024-12-20 07:14:00+0000,0,
2024-12-21,98,174,0,2024-12-20 21:00:00+0000,2024-12-21 01:32:00+0000,0,
2024-12-22,47,352,0,2024-12-22 00:24:00+0000,2024-12-22 07:03:00+0000,0,
2024-12-23,164,457,0,2024-12-22 21:11:00+0000,2024-12-23 07:32:00+0000,0,
2024-12-24,146,367,0,2024-12-23 22:04:00+0000,2024-12-24 06:37:00+0000,0,
2024-12-25,50,370,0,2024-12-24 22:03:00+0000,2024-12-25 05:03:00+0000,0,
2024-12-26,56,99,0,2024-12-26 03:12:00+0000,2024-12-26 05:47:00+0000,0,
2024-12-27,144,296,0,2024-12-26 21:46:00+0000,2024-12-27 05:06:00+0000,0,
2024-12-28,197,546,0,2024-12-27 18:00:00+0000,2024-12-28 06:23:00+0000,0,
2024-12-29,138,473,0,2024-12-28 22:06:00+0000,2024-12-29 08:17:00+0000,0,
2024-12-30,117,518,19,2024-12-29 20:01:00+0000,2024-12-30 06:55:00+0000,0,
2024-12-31,134,553,61,2024-12-30 19:21:00+0000,2024-12-31 07:49:00+0000,0,
2025-01-01,98,419,3,2024-12-31 23:47:00+0000,2025-01-01 08:27:00+0000,0,
2025-01-02,142,402,0,2025-01-01 22:20:00+0000,2025-01-02 07:24:00+0000,0,
2025-01-03,175,486,67,2025-01-02 19:40:00+0000,2025-01-03 07:48:00+0000,0,
2025-01-04,128,360,0,2025-01-03 23:07:00+0000,2025-01-04 07:15:00+0000,0,
2025-01-05,99,552,0,2025-01-04 20:50:00+0000,2025-01-05 07:41:00+0000,0,
2025-01-06,93,458,0,2025-01-05 22:15:00+0000,2025-01-06 07:26:00+0000,0,
2025-01-07,136,485,0,2025-01-06 20:56:00+0000,2025-01-07 07:17:00+0000,0,
2025-01-08,106,418,0,2025-01-07 22:38:00+0000,2025-01-08 07:22:00+0000,0,
2025-01-09,133,408,0,2025-01-08 22:22:00+0000,2025-01-09 07:23:00+0000,0,
2025-01-10,0,0,0,2025-01-10 22:00:00+0000,2025-01-10 22:00:00+0000,0,
2025-01-11,110,432,0,2025-01-10 21:55:00+0000,2025-01-11 06:57:00+0000,0,
2025-01-12,145,449,15,2025-01-11 21:47:00+0000,2025-01-12 07:56:00+0000,0,
2025-01-13,133,389,0,2025-01-12 22:56:00+0000,2025-01-13 07:38:00+0000,0,
2025-01-14,125,474,0,2025-01-13 21:21:00+0000,2025-01-14 07:20:00+0000,0,
2025-01-15,89,363,0,2025-01-14 22:50:00+0000,2025-01-15 06:22:00+0000,0,
2025-01-16,152,515,0,2025-01-15 20:48:00+0000,2025-01-16 07:55:00+0000,0,
2025-01-17,170,393,0,2025-01-16 21:34:00+0000,2025-01-17 06:57:00+0000,0,
2025-01-18,122,286,0,2025-01-17 22:23:00+0000,2025-01-18 05:11:00+0000,0,
2025-01-19,85,201,0,2025-01-18 21:12:00+0000,2025-01-19 01:58:00+0000,0,
2025-01-20,204,386,0,2025-01-19 20:26:00+0000,2025-01-20 06:16:00+0000,0,
2025-01-21,103,299,0,2025-01-20 22:27:00+0000,2025-01-21 05:09:00+0000,0,
2025-01-22,111,331,0,2025-01-21 21:40:00+0000,2025-01-22 05:02:00+0000,0,
2025-01-23,72,352,0,2025-01-22 22:05:00+0000,2025-01-23 05:09:00+0000,0,
2025-01-24,52,334,0,2025-01-23 22:28:00+0000,2025-01-24 04:54:00+0000,0,
2025-01-25,113,273,0,2025-01-24 22:39:00+0000,2025-01-25 05:05:00+0000,0,
2025-01-26,193,397,0,2025-01-25 20:40:00+0000,2025-01-26 06:30:00+0000,0,
2025-01-27,221,270,0,2025-01-26 23:08:00+0000,2025-01-27 07:19:00+0000,0,
2025-01-28,157,390,0,2025-01-27 22:23:00+0000,2025-01-28 07:30:00+0000,0,
2025-01-29,128,374,3,2025-01-28 22:49:00+0000,2025-01-29 07:14:00+0000,0,
2025-01-30,151,392,0,2025-01-29 22:37:00+0000,2025-01-30 07:40:00+0000,0,
2025-01-31,130,300,0,2025-01-30 21:50:00+0000,2025-01-31 05:00:00+0000,0,
2025-02-01,158,385,0,2025-01-31 23:29:00+0000,2025-02-01 08:32:00+0000,0,
2025-02-02,196,406,3,2025-02-01 22:24:00+0000,2025-02-02 08:29:00+0000,0,
2025-02-03,125,410,0,2025-02-02 22:28:00+0000,2025-02-03 07:23:00+0000,0,
2025-02-04,138,384,0,2025-02-03 23:13:00+0000,2025-02-04 07:55:00+0000,0,
2025-02-05,169,373,0,2025-02-04 22:37:00+0000,2025-02-05 07:39:00+0000,0,
2025-02-06,159,322,0,2025-02-05 22:18:00+0000,2025-02-06 06:19:00+0000,0,
2025-02-07,158,419,2,2025-02-06 21:05:00+0000,2025-02-07 06:44:00+0000,0,
2025-02-08,129,473,85,2025-02-07 21:50:00+0000,2025-02-08 09:17:00+0000,0,
2025-02-09,143,443,0,2025-02-08 21:51:00+0000,2025-02-09 07:37:00+0000,0,
2025-02-10,173,401,0,2025-02-09 21:51:00+0000,2025-02-10 07:25:00+0000,0,
2025-02-11,171,411,0,2025-02-10 21:57:00+0000,2025-02-11 07:39:00+0000,0,
2025-02-12,167,370,0,2025-02-11 22:04:00+0000,2025-02-12 07:01:00+0000,0,
2025-02-13,139,491,2,2025-02-12 20:42:00+0000,2025-02-13 07:14:00+0000,0,
2025-02-14,113,382,0,2025-02-13 22:39:00+0000,2025-02-14 06:54:00+0000,0,
2025-02-15,160,314,0,2025-02-14 21:41:00+0000,2025-02-15 05:35:00+0000,0,
2025-02-16,182,339,2,2025-02-15 21:51:00+0000,2025-02-16 06:34:00+0000,0,
2025-02-22,0,0,0,2025-02-22 22:00:00+0000,2025-02-22 22:00:00+0000,0,
2025-02-23,99,466,0,2025-02-22 21:42:00+0000,2025-02-23 07:07:00+0000,0,
2025-02-24,153,313,0,2025-02-23 22:58:00+0000,2025-02-24 06:44:00+0000,0,
2025-02-25,148,406,0,2025-02-24 22:18:00+0000,2025-02-25 07:32:00+0000,0,
2025-02-26,31,114,0,2025-02-25 22:58:00+0000,2025-02-26 01:23:00+0000,0,
2025-02-27,134,447,3,2025-02-26 21:43:00+0000,2025-02-27 07:27:00+0000,0,
2025-02-28,138,373,2,2025-02-27 22:44:00+0000,2025-02-28 07:17:00+0000,0,
2025-03-01,168,325,0,2025-02-28 23:36:00+0000,2025-03-01 07:49:00+0000,0,
2025-03-02,143,383,43,2025-03-01 21:30:00+0000,2025-03-02 06:59:00+0000,0,
2025-03-03,161,397,0,2025-03-02 21:53:00+0000,2025-03-03 07:11:00+0000,0,
2025-03-04,118,432,0,2025-03-03 21:06:00+0000,2025-03-04 06:16:00+0000,0,
2025-03-05,107,452,0,2025-03-04 21:35:00+0000,2025-03-05 06:54:00+0000,0,
2025-03-06,120,439,0,2025-03-05 22:20:00+0000,2025-03-06 07:39:00+0000,0,
2025-03-07,52,496,0,2025-03-06 21:34:00+0000,2025-03-07 06:42:00+0000,0,
2025-03-08,148,406,0,2025-03-07 20:46:00+0000,2025-03-08 06:00:00+0000,0,
2025-03-09,110,483,0,2025-03-08 21:25:00+0000,2025-03-09 07:18:00+0000,0,
2025-03-10,121,426,15,2025-03-09 21:27:00+0000,2025-03-10 06:49:00+0000,0,
2025-03-11,120,436,0,2025-03-10 22:12:00+0000,2025-03-11 07:28:00+0000,0,
2025-03-12,114,359,37,2025-03-11 21:00:00+0000,2025-03-12 05:30:00+0000,0,
2025-03-13,101,417,16,2025-03-12 22:50:00+0000,2025-03-13 07:44:00+0000,0,
2025-03-14,109,403,0,2025-03-13 21:32:00+0000,2025-03-14 06:04:00+0000,0,
2025-03-15,128,412,0,2025-03-14 23:00:00+0000,2025-03-15 08:00:00+0000,0,
2025-03-16,143,357,0,2025-03-15 23:17:00+0000,2025-03-16 07:37:00+0000,0,
2025-03-17,174,355,0,2025-03-16 21:37:00+0000,2025-03-17 06:26:00+0000,0,
2025-03-18,123,405,44,2025-03-17 20:12:00+0000,2025-03-18 05:44:00+0000,0,
2025-03-19,138,330,0,2025-03-18 22:29:00+0000,2025-03-19 06:17:00+0000,0,
2025-03-20,193,416,0,2025-03-19 21:26:00+0000,2025-03-20 07:35:00+0000,0,
2025-03-21,86,468,84,2025-03-20 19:23:00+0000,2025-03-21 06:01:00+0000,0,
2025-03-22,119,210,0,2025-03-21 22:04:00+0000,2025-03-22 03:33:00+0000,0,
2025-03-23,152,391,0,2025-03-22 21:52:00+0000,2025-03-23 06:55:00+0000,0,
2025-03-24,123,469,4,2025-03-23 21:26:00+0000,2025-03-24 07:22:00+0000,0,
2025-03-25,0,0,0,2025-03-25 22:00:00+0000,2025-03-25 22:00:00+0000,0,
2025-03-26,149,398,0,2025-03-25 21:38:00+0000,2025-03-26 06:45:00+0000,0,
2025-03-27,116,194,0,2025-03-26 22:26:00+0000,2025-03-27 03:36:00+0000,0,
2025-03-28,232,352,0,2025-03-27 21:36:00+0000,2025-03-28 07:20:00+0000,0,
2025-03-29,46,171,0,2025-03-28 21:24:00+0000,2025-03-29 01:01:00+0000,0,
2025-03-30,281,425,31,2025-03-29 17:57:00+0000,2025-03-30 06:14:00+0000,0,
2025-03-31,167,400,2,2025-03-30 21:08:00+0000,2025-03-31 06:37:00+0000,0,
2025-04-01,107,374,0,2025-03-31 20:36:00+0000,2025-04-01 04:37:00+0000,0,
2025-04-02,158,351,0,2025-04-01 20:47:00+0000,2025-04-02 05:16:00+0000,0,
2025-04-03,161,439,0,2025-04-02 20:35:00+0000,2025-04-03 06:35:00+0000,0,
2025-04-04,123,511,22,2025-04-03 19:32:00+0000,2025-04-04 06:28:00+0000,0,
2025-04-05,132,506,0,2025-04-04 20:45:00+0000,2025-04-05 07:23:00+0000,0,
2025-04-06,155,429,0,2025-04-05 22:06:00+0000,2025-04-06 07:50:00+0000,0,
2025-04-07,138,487,73,2025-04-06 19:07:00+0000,2025-04-07 06:45:00+0000,0,
2025-04-08,69,352,0,2025-04-07 21:39:00+0000,2025-04-08 04:40:00+0000,0,
2025-04-09,57,338,0,2025-04-08 21:44:00+0000,2025-04-09 04:19:00+0000,0,
2025-04-10,132,477,0,2025-04-09 20:32:00+0000,2025-04-10 06:41:00+0000,0,
2025-04-11,87,269,0,2025-04-10 21:53:00+0000,2025-04-11 03:49:00+0000,0,
2025-04-24,0,0,0,2025-04-24 21:00:00+0000,2025-04-24 21:00:00+0000,0,
2025-04-25,106,378,0,2025-04-24 21:03:00+0000,2025-04-25 05:07:00+0000,0,
2025-04-26,171,343,0,2025-04-25 20:28:00+0000,2025-04-26 05:02:00+0000,0,
2025-04-27,109,438,11,2025-04-26 20:54:00+0000,2025-04-27 06:12:00+0000,0,
2025-04-28,180,389,2,2025-04-27 21:16:00+0000,2025-04-28 06:47:00+0000,0,
2025-04-29,122,588,22,2025-04-28 18:47:00+0000,2025-04-29 06:59:00+0000,0,
2025-04-30,56,466,0,2025-04-29 21:07:00+0000,2025-04-30 05:49:00+0000,0,
2025-05-01,93,422,0,2025-04-30 21:36:00+0000,2025-05-01 06:11:00+0000,0,
2025-05-02,100,383,0,2025-05-01 21:56:00+0000,2025-05-02 05:59:00+0000,0,
2025-05-03,144,481,0,2025-05-02 20:09:00+0000,2025-05-03 06:34:00+0000,0,
2025-05-04,84,433,0,2025-05-03 21:21:00+0000,2025-05-04 05:58:00+0000,0,
2025-05-05,91,530,16,2025-05-04 19:25:00+0000,2025-05-05 06:02:00+0000,0,
2025-05-06,195,296,0,2025-05-05 21:44:00+0000,2025-05-06 05:55:00+0000,0,
2025-05-07,58,408,0,2025-05-06 21:51:00+0000,2025-05-07 05:37:00+0000,0,
2025-05-08,65,489,0,2025-05-07 21:03:00+0000,2025-05-08 06:17:00+0000,0,
2025-05-09,0,0,0,2025-05-09 21:00:00+0000,2025-05-09 21:00:00+0000,0,
2025-05-10,110,460,91,2025-05-09 22:15:00+0000,2025-05-10 09:16:00+0000,0,
2025-05-11,137,473,61,2025-05-10 19:49:00+0000,2025-05-11 07:00:00+0000,0,
2025-05-12,94,423,0,2025-05-11 21:47:00+0000,2025-05-12 06:24:00+0000,0,
2025-05-13,201,390,0,2025-05-12 21:00:00+0000,2025-05-13 06:51:00+0000,0,
2025-05-14,79,320,0,2025-05-13 23:05:00+0000,2025-05-14 05:44:00+0000,0,
2025-05-15,125,452,0,2025-05-14 20:43:00+0000,2025-05-15 06:20:00+0000,0,
2025-05-16,79,406,0,2025-05-15 21:48:00+0000,2025-05-16 05:53:00+0000,0,
2025-05-17,118,457,35,2025-05-16 19:34:00+0000,2025-05-17 05:44:00+0000,0,
2025-05-18,116,320,0,2025-05-17 23:49:00+0000,2025-05-18 07:05:00+0000,0,
2025-05-19,163,375,0,2025-05-18 21:22:00+0000,2025-05-19 06:20:00+0000,0,
2025-05-20,114,421,0,2025-05-19 20:35:00+0000,2025-05-20 05:30:00+0000,0,
2025-05-21,108,405,0,2025-05-20 21:49:00+0000,2025-05-21 06:22:00+0000,0,
2025-05-22,182,401,0,2025-05-21 20:39:00+0000,2025-05-22 06:22:00+0000,0,
2025-05-23,29,527,0,2025-05-22 20:29:00+0000,2025-05-23 05:45:00+0000,0,
2025-05-24,112,408,0,2025-05-23 21:05:00+0000,2025-05-24 05:45:00+0000,0,
2025-05-25,114,486,87,2025-05-24 20:50:00+0000,2025-05-25 08:17:00+0000,0,
2025-05-26,173,324,0,2025-05-25 21:54:00+0000,2025-05-26 06:11:00+0000,0,
2025-05-27,158,365,0,2025-05-26 21:23:00+0000,2025-05-27 06:06:00+0000,0,
2025-05-28,64,437,0,2025-05-27 21:11:00+0000,2025-05-28 05:32:00+0000,0,
2025-05-29,61,197,0,2025-05-28 20:44:00+0000,2025-05-29 01:02:00+0000,0,
2025-05-30,132,432,0,2025-05-29 20:43:00+0000,2025-05-30 06:07:00+0000,0,
2025-06-01,0,0,0,2025-06-01 21:00:00+0000,2025-06-01 21:00:00+0000,0,
2025-06-02,0,0,0,2025-06-02 21:00:00+0000,2025-06-02 21:00:00+0000,0,
2025-06-03,137,502,66,2025-06-02 19:33:00+0000,2025-06-03 07:18:00+0000,0,
2025-06-04,90,460,0,2025-06-03 22:02:00+0000,2025-06-04 07:12:00+0000,0,
2025-06-05,15,454,0,2025-06-04 22:33:00+0000,2025-06-05 06:22:00+0000,0,
2025-06-06,160,379,11,2025-06-05 21:37:00+0000,2025-06-06 06:47:00+0000,0,
2025-06-07,118,445,0,2025-06-06 21:48:00+0000,2025-06-07 07:11:00+0000,0,
2025-06-08,170,412,0,2025-06-07 21:27:00+0000,2025-06-08 07:09:00+0000,0,
2025-06-09,156,340,0,2025-06-08 22:09:00+0000,2025-06-09 06:25:00+0000,0,
2025-06-10,61,439,19,2025-06-09 21:08:00+0000,2025-06-10 05:47:00+0000,0,
2025-06-11,111,359,7,2025-06-10 21:50:00+0000,2025-06-11 05:47:00+0000,0,
2025-06-12,125,406,0,2025-06-11 20:57:00+0000,2025-06-12 05:48:00+0000,0,
2025-06-13,59,280,0,2025-06-12 20:50:00+0000,2025-06-13 02:29:00+0000,0,
2025-06-14,126,142,0,2025-06-13 19:30:00+0000,2025-06-13 23:58:00+0000,0,
2025-06-15,207,436,0,2025-06-14 18:37:00+0000,2025-06-15 05:20:00+0000,0,
2025-06-16,0,0,0,2025-06-16 21:00:00+0000,2025-06-16 21:00:00+0000,0,
2025-06-17,147,399,0,2025-06-16 20:22:00+0000,2025-06-17 05:28:00+0000,0,
2025-06-18,120,383,0,2025-06-17 21:17:00+0000,2025-06-18 05:40:00+0000,0,
2025-06-19,106,366,0,2025-06-18 21:21:00+0000,2025-06-19 05:13:00+0000,0,
2025-06-20,0,0,0,2025-06-20 21:00:00+0000,2025-06-20 21:00:00+0000,0,
2025-06-21,145,351,0,2025-06-20 20:44:00+0000,2025-06-21 05:00:00+0000,0,
2025-06-22,106,204,0,2025-06-21 20:33:00+0000,2025-06-22 01:43:00+0000,0,
2025-06-23,178,437,0,2025-06-22 20:03:00+0000,2025-06-23 06:18:00+0000,0,
2025-06-24,165,408,0,2025-06-23 21:22:00+0000,2025-06-24 06:55:00+0000,0,
2025-06-25,120,414,0,2025-06-24 21:12:00+0000,2025-06-25 06:06:00+0000,0,
2025-06-26,130,508,0,2025-06-25 20:32:00+0000,2025-06-26 07:10:00+0000,0,
2025-06-27,129,441,0,2025-06-26 21:08:00+0000,2025-06-27 06:38:00+0000,0,
2025-06-28,150,485,44,2025-06-27 19:23:00+0000,2025-06-28 06:42:00+0000,0,
2025-06-29,131,460,0,2025-06-28 21:15:00+0000,2025-06-29 07:06:00+0000,0,
2025-06-30,102,410,0,2025-06-29 21:54:00+0000,2025-06-30 06:26:00+0000,0,
2025-07-01,91,366,0,2025-06-30 21:52:00+0000,2025-07-01 05:29:00+0000,0,
2025-07-02,157,369,2,2025-07-01 21:32:00+0000,2025-07-02 06:20:00+0000,0,
2025-07-03,56,528,2,2025-07-02 21:16:00+0000,2025-07-03 07:02:00+0000,0,
2025-07-04,122,409,0,2025-07-03 21:29:00+0000,2025-07-04 06:20:00+0000,0,
2025-07-05,77,488,0,2025-07-04 20:50:00+0000,2025-07-05 06:15:00+0000,0,
2025-07-06,191,393,0,2025-07-05 20:57:00+0000,2025-07-06 06:41:00+0000,0,
2025-07-07,145,353,0,2025-07-06 20:56:00+0000,2025-07-07 05:14:00+0000,0,
2025-07-08,96,423,0,2025-07-07 21:56:00+0000,2025-07-08 06:35:00+0000,0,
2025-07-09,97,494,0,2025-07-08 20:31:00+0000,2025-07-09 06:22:00+0000,0,
2025-07-10,73,240,20,2025-07-09 21:28:00+0000,2025-07-10 03:01:00+0000,0,
2025-07-11,199,327,0,2025-07-10 20:46:00+0000,2025-07-11 05:32:00+0000,0,
2025-07-12,154,350,2,2025-07-11 20:43:00+0000,2025-07-12 05:09:00+0000,0,
2025-07-13,152,246,0,2025-07-12 22:06:00+0000,2025-07-13 04:44:00+0000,0,
2025-07-14,102,266,0,2025-07-13 21:52:00+0000,2025-07-14 04:00:00+0000,0,
2025-07-15,121,452,0,2025-07-14 20:34:00+0000,2025-07-15 06:07:00+0000,0,
2025-07-16,143,422,0,2025-07-15 20:18:00+0000,2025-07-16 05:43:00+0000,0,
2025-07-17,106,452,0,2025-07-16 20:54:00+0000,2025-07-17 06:12:00+0000,0,
2025-07-18,76,176,0,2025-07-17 21:01:00+0000,2025-07-18 01:13:00+0000,0,
2025-07-19,184,298,0,2025-07-18 21:43:00+0000,2025-07-19 05:45:00+0000,0,
2025-07-20,187,247,0,2025-07-19 22:01:00+0000,2025-07-20 05:15:00+0000,0,
2025-07-21,153,443,0,2025-07-20 19:45:00+0000,2025-07-21 05:41:00+0000,0,
2025-07-22,165,382,0,2025-07-21 19:46:00+0000,2025-07-22 04:53:00+0000,0,
2025-07-23,150,297,0,2025-07-22 20:59:00+0000,2025-07-23 04:26:00+0000,0,
2025-07-24,130,381,0,2025-07-23 20:27:00+0000,2025-07-24 04:58:00+0000,0,
2025-07-25,196,455,39,2025-07-24 18:32:00+0000,2025-07-25 06:02:00+0000,0,
2025-07-26,194,338,0,2025-07-25 20:24:00+0000,2025-07-26 05:16:00+0000,0,
2025-07-27,112,442,3,2025-07-26 21:05:00+0000,2025-07-27 06:22:00+0000,0,
2025-07-28,167,333,25,2025-07-27 19:58:00+0000,2025-07-28 04:43:00+0000,0,
2025-07-29,112,359,0,2025-07-28 21:54:00+0000,2025-07-29 05:45:00+0000,0,
2025-07-30,84,343,0,2025-07-29 21:36:00+0000,2025-07-30 04:43:00+0000,0,
2025-07-31,149,350,0,2025-07-30 21:00:00+0000,2025-07-31 05:19:00+0000,0,
2025-08-01,88,413,0,2025-07-31 20:39:00+0000,2025-08-01 05:00:00+0000,0,
2025-08-02,98,398,0,2025-08-01 21:27:00+0000,2025-08-02 05:43:00+0000,0,
2025-08-03,101,364,0,2025-08-02 22:43:00+0000,2025-08-03 06:28:00+0000,0,
2025-08-04,151,353,3,2025-08-03 20:44:00+0000,2025-08-04 05:11:00+0000,0,
2025-08-05,175,326,0,2025-08-04 21:24:00+0000,2025-08-05 05:45:00+0000,0,
2025-08-06,97,400,0,2025-08-05 20:43:00+0000,2025-08-06 05:00:00+0000,0,
2025-08-07,85,499,0,2025-08-06 20:34:00+0000,2025-08-07 06:18:00+0000,0,
2025-08-08,108,352,0,2025-08-07 21:10:00+0000,2025-08-08 04:50:00+0000,0,
2025-08-09,74,442,0,2025-08-08 19:58:00+0000,2025-08-09 04:34:00+0000,0,
2025-08-10,114,366,0,2025-08-09 21:33:00+0000,2025-08-10 05:33:00+0000,0,
2025-08-11,172,374,0,2025-08-10 20:22:00+0000,2025-08-11 05:28:00+0000,0,
2025-08-12,0,0,0,2025-08-12 21:00:00+0000,2025-08-12 21:00:00+0000,0,
2025-08-13,116,291,0,2025-08-12 21:45:00+0000,2025-08-13 04:32:00+0000,0,
2025-08-14,83,429,0,2025-08-13 20:25:00+0000,2025-08-14 04:57:00+0000,0,
2025-08-15,108,344,0,2025-08-14 21:28:00+0000,2025-08-15 05:00:00+0000,0,
2025-08-16,149,371,0,2025-08-15 20:33:00+0000,2025-08-16 05:13:00+0000,0,
2025-08-17,204,395,0,2025-08-16 18:43:00+0000,2025-08-17 04:42:00+0000,0,
2025-08-18,162,469,31,2025-08-17 18:11:00+0000,2025-08-18 05:13:00+0000,0,
2025-08-19,177,282,0,2025-08-18 21:01:00+0000,2025-08-19 04:40:00+0000,0,
2025-08-20,133,348,0,2025-08-19 20:38:00+0000,2025-08-20 04:39:00+0000,0,
2025-08-21,90,434,0,2025-08-20 20:03:00+0000,2025-08-21 04:47:00+0000,0,
2025-08-22,75,534,0,2025-08-21 20:19:00+0000,2025-08-22 06:28:00+0000,0,
2025-08-23,124,397,2,2025-08-22 20:12:00+0000,2025-08-23 04:55:00+0000,0,
2025-08-24,141,290,2,2025-08-23 21:59:00+0000,2025-08-24 05:12:00+0000,0,
2025-08-25,169,348,0,2025-08-24 21:08:00+0000,2025-08-25 05:45:00+0000,0,
2025-08-26,73,395,0,2025-08-25 21:28:00+0000,2025-08-26 05:16:00+0000,0,
2025-08-27,92,203,0,2025-08-26 21:18:00+0000,2025-08-27 02:13:00+0000,0,
2025-08-28,197,477,0,2025-08-27 18:52:00+0000,2025-08-28 06:06:00+0000,0,
2025-08-29,41,415,0,2025-08-28 21:41:00+0000,2025-08-29 05:17:00+0000,0,
